origin_date,location,target,horizon,target_end_date,output_type,output_type_id,value
2017-12-16,HHS Region 1,ili perc,1,2017-12-23,quantile,0.01,0
2017-12-16,HHS Region 1,ili perc,1,2017-12-23,quantile,0.025,0
2017-12-16,HHS Region 1,ili perc,1,2017-12-23,quantile,0.05,0
2017-12-16,HHS Region 1,ili perc,1,2017-12-23,quantile,0.1,0
2017-12-16,HHS Region 1,ili perc,1,2017-12-23,quantile,0.15,0.17405723600421552
2017-12-16,HHS Region 1,ili perc,1,2017-12-23,quantile,0.2,0.2640082044764033
2017-12-16,HHS Region 1,ili perc,1,2017-12-23,quantile,0.25,0.5685027457617108
2017-12-16,HHS Region 1,ili perc,1,2017-12-23,quantile,0.3,0.6788782325156876
2017-12-16,HHS Region 1,ili perc,1,2017-12-23,quantile,0.35,0.7800683026481021
2017-12-16,HHS Region 1,ili perc,1,2017-12-23,quantile,0.4,0.9132007865226012
2017-12-16,HHS Region 1,ili perc,1,2017-12-23,quantile,0.45,1.0857506093951472
2017-12-16,HHS Region 1,ili perc,1,2017-12-23,quantile,0.5,1.2046547833856975
2017-12-16,HHS Region 1,ili perc,1,2017-12-23,quantile,0.55,1.3234134687037287
2017-12-16,HHS Region 1,ili perc,1,2017-12-23,quantile,0.6,1.488901895921793
2017-12-16,HHS Region 1,ili perc,1,2017-12-23,quantile,0.65,1.5604633621635018
2017-12-16,HHS Region 1,ili perc,1,2017-12-23,quantile,0.7,1.6717387435634827
2017-12-16,HHS Region 1,ili perc,1,2017-12-23,quantile,0.75,1.7585291280155984
2017-12-16,HHS Region 1,ili perc,1,2017-12-23,quantile,0.8,1.9317961136280295
2017-12-16,HHS Region 1,ili perc,1,2017-12-23,quantile,0.85,2.102650657797963
2017-12-16,HHS Region 1,ili perc,1,2017-12-23,quantile,0.9,2.522630517121238
2017-12-16,HHS Region 1,ili perc,1,2017-12-23,quantile,0.95,2.7349450128638444
2017-12-16,HHS Region 1,ili perc,1,2017-12-23,quantile,0.975,2.9724392498580245
2017-12-16,HHS Region 1,ili perc,1,2017-12-23,quantile,0.99,3.1226753783426506
2017-12-16,HHS Region 1,ili perc,2,2017-12-30,quantile,0.01,0
2017-12-16,HHS Region 1,ili perc,2,2017-12-30,quantile,0.025,0
2017-12-16,HHS Region 1,ili perc,2,2017-12-30,quantile,0.05,0
2017-12-16,HHS Region 1,ili perc,2,2017-12-30,quantile,0.1,0
2017-12-16,HHS Region 1,ili perc,2,2017-12-30,quantile,0.15,0
2017-12-16,HHS Region 1,ili perc,2,2017-12-30,quantile,0.2,0.03602976101105886
2017-12-16,HHS Region 1,ili perc,2,2017-12-30,quantile,0.25,0.13203781420530075
2017-12-16,HHS Region 1,ili perc,2,2017-12-30,quantile,0.3,0.2910017326428165
2017-12-16,HHS Region 1,ili perc,2,2017-12-30,quantile,0.35,0.4647084622758816
2017-12-16,HHS Region 1,ili perc,2,2017-12-30,quantile,0.4,0.5964878712703898
2017-12-16,HHS Region 1,ili perc,2,2017-12-30,quantile,0.45,0.7389556663706149
2017-12-16,HHS Region 1,ili perc,2,2017-12-30,quantile,0.5,0.8344860446082483
2017-12-16,HHS Region 1,ili perc,2,2017-12-30,quantile,0.55,1.0378132420000739
2017-12-16,HHS Region 1,ili perc,2,2017-12-30,quantile,0.6,1.1858079832058124
2017-12-16,HHS Region 1,ili perc,2,2017-12-30,quantile,0.65,1.2532729539969891
2017-12-16,HHS Region 1,ili perc,2,2017-12-30,quantile,0.7,1.4469265332049024
2017-12-16,HHS Region 1,ili perc,2,2017-12-30,quantile,0.75,1.7451742473943537
2017-12-16,HHS Region 1,ili perc,2,2017-12-30,quantile,0.8,1.936227677204199
2017-12-16,HHS Region 1,ili perc,2,2017-12-30,quantile,0.85,2.1342806473108538
2017-12-16,HHS Region 1,ili perc,2,2017-12-30,quantile,0.9,2.5789630092802023
2017-12-16,HHS Region 1,ili perc,2,2017-12-30,quantile,0.95,2.9700061356385796
2017-12-16,HHS Region 1,ili perc,2,2017-12-30,quantile,0.975,3.3476626963094707
2017-12-16,HHS Region 1,ili perc,2,2017-12-30,quantile,0.99,3.5441458971119695
2017-12-16,HHS Region 1,ili perc,3,2018-01-06,quantile,0.01,0
2017-12-16,HHS Region 1,ili perc,3,2018-01-06,quantile,0.025,0
2017-12-16,HHS Region 1,ili perc,3,2018-01-06,quantile,0.05,0.0739186192682814
2017-12-16,HHS Region 1,ili perc,3,2018-01-06,quantile,0.1,0.5544082159386011
2017-12-16,HHS Region 1,ili perc,3,2018-01-06,quantile,0.15,0.7565715604738135
2017-12-16,HHS Region 1,ili perc,3,2018-01-06,quantile,0.2,0.8283914878909122
2017-12-16,HHS Region 1,ili perc,3,2018-01-06,quantile,0.25,0.9513667853312124
2017-12-16,HHS Region 1,ili perc,3,2018-01-06,quantile,0.3,1.1133169572814094
2017-12-16,HHS Region 1,ili perc,3,2018-01-06,quantile,0.35,1.2302441668228907
2017-12-16,HHS Region 1,ili perc,3,2018-01-06,quantile,0.4,1.3845582303234174
2017-12-16,HHS Region 1,ili perc,3,2018-01-06,quantile,0.45,1.4944080856272084
2017-12-16,HHS Region 1,ili perc,3,2018-01-06,quantile,0.5,1.6497271316895894
2017-12-16,HHS Region 1,ili perc,3,2018-01-06,quantile,0.55,1.750519498520235
2017-12-16,HHS Region 1,ili perc,3,2018-01-06,quantile,0.6,1.9128021714916676
2017-12-16,HHS Region 1,ili perc,3,2018-01-06,quantile,0.65,2.146659131576865
2017-12-16,HHS Region 1,ili perc,3,2018-01-06,quantile,0.7,2.3560219079161375
2017-12-16,HHS Region 1,ili perc,3,2018-01-06,quantile,0.75,2.427432415447977
2017-12-16,HHS Region 1,ili perc,3,2018-01-06,quantile,0.8,2.5805739910144503
2017-12-16,HHS Region 1,ili perc,3,2018-01-06,quantile,0.85,2.7802683015273892
2017-12-16,HHS Region 1,ili perc,3,2018-01-06,quantile,0.9,3.1101017767907653
2017-12-16,HHS Region 1,ili perc,3,2018-01-06,quantile,0.95,3.4125171141449795
2017-12-16,HHS Region 1,ili perc,3,2018-01-06,quantile,0.975,3.57600906615749
2017-12-16,HHS Region 1,ili perc,3,2018-01-06,quantile,0.99,3.943417253073812
2017-12-16,HHS Region 1,ili perc,4,2018-01-13,quantile,0.01,0
2017-12-16,HHS Region 1,ili perc,4,2018-01-13,quantile,0.025,0
2017-12-16,HHS Region 1,ili perc,4,2018-01-13,quantile,0.05,0
2017-12-16,HHS Region 1,ili perc,4,2018-01-13,quantile,0.1,0.13668383482327942
2017-12-16,HHS Region 1,ili perc,4,2018-01-13,quantile,0.15,0.49893012717167534
2017-12-16,HHS Region 1,ili perc,4,2018-01-13,quantile,0.2,0.574485634090121
2017-12-16,HHS Region 1,ili perc,4,2018-01-13,quantile,0.25,0.651355124173175
2017-12-16,HHS Region 1,ili perc,4,2018-01-13,quantile,0.3,0.808420033144694
2017-12-16,HHS Region 1,ili perc,4,2018-01-13,quantile,0.35,1.039106578429244
2017-12-16,HHS Region 1,ili perc,4,2018-01-13,quantile,0.4,1.1261543199880588
2017-12-16,HHS Region 1,ili perc,4,2018-01-13,quantile,0.45,1.2425109225083006
2017-12-16,HHS Region 1,ili perc,4,2018-01-13,quantile,0.5,1.3149620150863015
2017-12-16,HHS Region 1,ili perc,4,2018-01-13,quantile,0.55,1.416620974892044
2017-12-16,HHS Region 1,ili perc,4,2018-01-13,quantile,0.6,1.4968378625552483
2017-12-16,HHS Region 1,ili perc,4,2018-01-13,quantile,0.65,1.5791412235776634
2017-12-16,HHS Region 1,ili perc,4,2018-01-13,quantile,0.7,1.7414135527499237
2017-12-16,HHS Region 1,ili perc,4,2018-01-13,quantile,0.75,1.8468178306942982
2017-12-16,HHS Region 1,ili perc,4,2018-01-13,quantile,0.8,2.1366422700562873
2017-12-16,HHS Region 1,ili perc,4,2018-01-13,quantile,0.85,2.3790563990703553
2017-12-16,HHS Region 1,ili perc,4,2018-01-13,quantile,0.9,2.824865489337188
2017-12-16,HHS Region 1,ili perc,4,2018-01-13,quantile,0.95,3.1360602070049133
2017-12-16,HHS Region 1,ili perc,4,2018-01-13,quantile,0.975,3.3907994449518526
2017-12-16,HHS Region 1,ili perc,4,2018-01-13,quantile,0.99,3.557210034433414
2017-12-16,HHS Region 10,ili perc,1,2017-12-23,quantile,0.01,0
2017-12-16,HHS Region 10,ili perc,1,2017-12-23,quantile,0.025,0
2017-12-16,HHS Region 10,ili perc,1,2017-12-23,quantile,0.05,0
2017-12-16,HHS Region 10,ili perc,1,2017-12-23,quantile,0.1,0.05003995009494974
2017-12-16,HHS Region 10,ili perc,1,2017-12-23,quantile,0.15,0.3918753690019797
2017-12-16,HHS Region 10,ili perc,1,2017-12-23,quantile,0.2,0.6804281629318742
2017-12-16,HHS Region 10,ili perc,1,2017-12-23,quantile,0.25,0.8650596508673096
2017-12-16,HHS Region 10,ili perc,1,2017-12-23,quantile,0.3,1.2656013473930183
2017-12-16,HHS Region 10,ili perc,1,2017-12-23,quantile,0.35,1.4984054646716123
2017-12-16,HHS Region 10,ili perc,1,2017-12-23,quantile,0.4,1.6466909201343343
2017-12-16,HHS Region 10,ili perc,1,2017-12-23,quantile,0.45,1.7929703394752812
2017-12-16,HHS Region 10,ili perc,1,2017-12-23,quantile,0.5,2.2390195698543787
2017-12-16,HHS Region 10,ili perc,1,2017-12-23,quantile,0.55,2.5037127525958764
2017-12-16,HHS Region 10,ili perc,1,2017-12-23,quantile,0.6,2.753596498792895
2017-12-16,HHS Region 10,ili perc,1,2017-12-23,quantile,0.65,2.8376624716848857
2017-12-16,HHS Region 10,ili perc,1,2017-12-23,quantile,0.7,3.0908256279899256
2017-12-16,HHS Region 10,ili perc,1,2017-12-23,quantile,0.75,3.4377129111873748
2017-12-16,HHS Region 10,ili perc,1,2017-12-23,quantile,0.8,3.550627096189197
2017-12-16,HHS Region 10,ili perc,1,2017-12-23,quantile,0.85,3.7440646646515097
2017-12-16,HHS Region 10,ili perc,1,2017-12-23,quantile,0.9,3.9375988839678104
2017-12-16,HHS Region 10,ili perc,1,2017-12-23,quantile,0.95,4.446035603877164
2017-12-16,HHS Region 10,ili perc,1,2017-12-23,quantile,0.975,5.290753087307172
2017-12-16,HHS Region 10,ili perc,1,2017-12-23,quantile,0.99,5.460522088619626
2017-12-16,HHS Region 10,ili perc,2,2017-12-30,quantile,0.01,1.0322360710830976
2017-12-16,HHS Region 10,ili perc,2,2017-12-30,quantile,0.025,1.1153780020831343
2017-12-16,HHS Region 10,ili perc,2,2017-12-30,quantile,0.05,1.7919459496028958
2017-12-16,HHS Region 10,ili perc,2,2017-12-30,quantile,0.1,2.188053039247139
2017-12-16,HHS Region 10,ili perc,2,2017-12-30,quantile,0.15,2.3802790818726542
2017-12-16,HHS Region 10,ili perc,2,2017-12-30,quantile,0.2,2.630279133136787
2017-12-16,HHS Region 10,ili perc,2,2017-12-30,quantile,0.25,2.8224967725554344
2017-12-16,HHS Region 10,ili perc,2,2017-12-30,quantile,0.3,3.0930171228783374
2017-12-16,HHS Region 10,ili perc,2,2017-12-30,quantile,0.35,3.401392136532699
2017-12-16,HHS Region 10,ili perc,2,2017-12-30,quantile,0.4,3.5988033226654643
2017-12-16,HHS Region 10,ili perc,2,2017-12-30,quantile,0.45,3.8527199662266987
2017-12-16,HHS Region 10,ili perc,2,2017-12-30,quantile,0.5,3.9760803708301777
2017-12-16,HHS Region 10,ili perc,2,2017-12-30,quantile,0.55,4.280259904548731
2017-12-16,HHS Region 10,ili perc,2,2017-12-30,quantile,0.6,4.395333573121571
2017-12-16,HHS Region 10,ili perc,2,2017-12-30,quantile,0.65,4.700144675183619
2017-12-16,HHS Region 10,ili perc,2,2017-12-30,quantile,0.7,4.864390330058619
2017-12-16,HHS Region 10,ili perc,2,2017-12-30,quantile,0.75,5.096632914637068
2017-12-16,HHS Region 10,ili perc,2,2017-12-30,quantile,0.8,5.229813123453398
2017-12-16,HHS Region 10,ili perc,2,2017-12-30,quantile,0.85,5.468066506036918
2017-12-16,HHS Region 10,ili perc,2,2017-12-30,quantile,0.9,5.980532160842839
2017-12-16,HHS Region 10,ili perc,2,2017-12-30,quantile,0.95,6.5997702453058045
2017-12-16,HHS Region 10,ili perc,2,2017-12-30,quantile,0.975,7.095609398967437
2017-12-16,HHS Region 10,ili perc,2,2017-12-30,quantile,0.99,7.767257693003063
2017-12-16,HHS Region 10,ili perc,3,2018-01-06,quantile,0.01,0
2017-12-16,HHS Region 10,ili perc,3,2018-01-06,quantile,0.025,0
2017-12-16,HHS Region 10,ili perc,3,2018-01-06,quantile,0.05,0.3869447704699777
2017-12-16,HHS Region 10,ili perc,3,2018-01-06,quantile,0.1,0.9263042402984591
2017-12-16,HHS Region 10,ili perc,3,2018-01-06,quantile,0.15,1.1621092312346804
2017-12-16,HHS Region 10,ili perc,3,2018-01-06,quantile,0.2,1.5843125408052534
2017-12-16,HHS Region 10,ili perc,3,2018-01-06,quantile,0.25,1.8420786355558285
2017-12-16,HHS Region 10,ili perc,3,2018-01-06,quantile,0.3,2.1346634761787984
2017-12-16,HHS Region 10,ili perc,3,2018-01-06,quantile,0.35,2.31140499791534
2017-12-16,HHS Region 10,ili perc,3,2018-01-06,quantile,0.4,2.4544489380984067
2017-12-16,HHS Region 10,ili perc,3,2018-01-06,quantile,0.45,2.726353164339936
2017-12-16,HHS Region 10,ili perc,3,2018-01-06,quantile,0.5,2.9491549863022906
2017-12-16,HHS Region 10,ili perc,3,2018-01-06,quantile,0.55,3.0576708987099774
2017-12-16,HHS Region 10,ili perc,3,2018-01-06,quantile,0.6,3.208665496866927
2017-12-16,HHS Region 10,ili perc,3,2018-01-06,quantile,0.65,3.343488385065779
2017-12-16,HHS Region 10,ili perc,3,2018-01-06,quantile,0.7,3.5478738015019644
2017-12-16,HHS Region 10,ili perc,3,2018-01-06,quantile,0.75,3.7401243228758014
2017-12-16,HHS Region 10,ili perc,3,2018-01-06,quantile,0.8,4.0030008738653935
2017-12-16,HHS Region 10,ili perc,3,2018-01-06,quantile,0.85,4.349007990903789
2017-12-16,HHS Region 10,ili perc,3,2018-01-06,quantile,0.9,4.991341527354073
2017-12-16,HHS Region 10,ili perc,3,2018-01-06,quantile,0.95,5.419104352769832
2017-12-16,HHS Region 10,ili perc,3,2018-01-06,quantile,0.975,5.546949815414259
2017-12-16,HHS Region 10,ili perc,3,2018-01-06,quantile,0.99,5.700662932443755
2017-12-16,HHS Region 10,ili perc,4,2018-01-13,quantile,0.01,0
2017-12-16,HHS Region 10,ili perc,4,2018-01-13,quantile,0.025,0
2017-12-16,HHS Region 10,ili perc,4,2018-01-13,quantile,0.05,0.05246724999607403
2017-12-16,HHS Region 10,ili perc,4,2018-01-13,quantile,0.1,0.22897987311718648
2017-12-16,HHS Region 10,ili perc,4,2018-01-13,quantile,0.15,0.4500114151597045
2017-12-16,HHS Region 10,ili perc,4,2018-01-13,quantile,0.2,0.598048178640328
2017-12-16,HHS Region 10,ili perc,4,2018-01-13,quantile,0.25,0.7920179424431656
2017-12-16,HHS Region 10,ili perc,4,2018-01-13,quantile,0.3,0.9422478927679705
2017-12-16,HHS Region 10,ili perc,4,2018-01-13,quantile,0.35,1.1040548902401939
2017-12-16,HHS Region 10,ili perc,4,2018-01-13,quantile,0.4,1.2205317820078783
2017-12-16,HHS Region 10,ili perc,4,2018-01-13,quantile,0.45,1.5689337939700856
2017-12-16,HHS Region 10,ili perc,4,2018-01-13,quantile,0.5,1.864903766372348
2017-12-16,HHS Region 10,ili perc,4,2018-01-13,quantile,0.55,1.9666825248847282
2017-12-16,HHS Region 10,ili perc,4,2018-01-13,quantile,0.6,2.3036224245165977
2017-12-16,HHS Region 10,ili perc,4,2018-01-13,quantile,0.65,2.59164568137068
2017-12-16,HHS Region 10,ili perc,4,2018-01-13,quantile,0.7,2.9322924795887193
2017-12-16,HHS Region 10,ili perc,4,2018-01-13,quantile,0.75,3.2687609214556357
2017-12-16,HHS Region 10,ili perc,4,2018-01-13,quantile,0.8,3.4169636636206455
2017-12-16,HHS Region 10,ili perc,4,2018-01-13,quantile,0.85,3.585410864290651
2017-12-16,HHS Region 10,ili perc,4,2018-01-13,quantile,0.9,4.056218401802394
2017-12-16,HHS Region 10,ili perc,4,2018-01-13,quantile,0.95,4.358628209922842
2017-12-16,HHS Region 10,ili perc,4,2018-01-13,quantile,0.975,5.061012009172792
2017-12-16,HHS Region 10,ili perc,4,2018-01-13,quantile,0.99,5.463221790886244
2017-12-16,HHS Region 2,ili perc,1,2017-12-23,quantile,0.01,0.8590562060159539
2017-12-16,HHS Region 2,ili perc,1,2017-12-23,quantile,0.025,1.4981642708749816
2017-12-16,HHS Region 2,ili perc,1,2017-12-23,quantile,0.05,1.884419509585038
2017-12-16,HHS Region 2,ili perc,1,2017-12-23,quantile,0.1,2.6509464316672475
2017-12-16,HHS Region 2,ili perc,1,2017-12-23,quantile,0.15,2.9104423023830677
2017-12-16,HHS Region 2,ili perc,1,2017-12-23,quantile,0.2,3.0730485228660167
2017-12-16,HHS Region 2,ili perc,1,2017-12-23,quantile,0.25,3.76177514208913
2017-12-16,HHS Region 2,ili perc,1,2017-12-23,quantile,0.3,3.8983209111999377
2017-12-16,HHS Region 2,ili perc,1,2017-12-23,quantile,0.35,4.186730074227581
2017-12-16,HHS Region 2,ili perc,1,2017-12-23,quantile,0.4,4.401451538836204
2017-12-16,HHS Region 2,ili perc,1,2017-12-23,quantile,0.45,4.562448367163458
2017-12-16,HHS Region 2,ili perc,1,2017-12-23,quantile,0.5,4.811459238277436
2017-12-16,HHS Region 2,ili perc,1,2017-12-23,quantile,0.55,5.0255934012178916
2017-12-16,HHS Region 2,ili perc,1,2017-12-23,quantile,0.6,5.24058150959834
2017-12-16,HHS Region 2,ili perc,1,2017-12-23,quantile,0.65,5.388828184768709
2017-12-16,HHS Region 2,ili perc,1,2017-12-23,quantile,0.7,5.5880896208651585
2017-12-16,HHS Region 2,ili perc,1,2017-12-23,quantile,0.75,5.8497523767803425
2017-12-16,HHS Region 2,ili perc,1,2017-12-23,quantile,0.8,6.077985084025105
2017-12-16,HHS Region 2,ili perc,1,2017-12-23,quantile,0.85,6.497477750460688
2017-12-16,HHS Region 2,ili perc,1,2017-12-23,quantile,0.9,6.853257884952004
2017-12-16,HHS Region 2,ili perc,1,2017-12-23,quantile,0.95,7.219624098263704
2017-12-16,HHS Region 2,ili perc,1,2017-12-23,quantile,0.975,7.734891943632732
2017-12-16,HHS Region 2,ili perc,1,2017-12-23,quantile,0.99,7.9362694535597536
2017-12-16,HHS Region 2,ili perc,2,2017-12-30,quantile,0.01,2.8171118205248007
2017-12-16,HHS Region 2,ili perc,2,2017-12-30,quantile,0.025,3.119668160928615
2017-12-16,HHS Region 2,ili perc,2,2017-12-30,quantile,0.05,3.476012943612043
2017-12-16,HHS Region 2,ili perc,2,2017-12-30,quantile,0.1,4.149517718937848
2017-12-16,HHS Region 2,ili perc,2,2017-12-30,quantile,0.15,4.3660174017135995
2017-12-16,HHS Region 2,ili perc,2,2017-12-30,quantile,0.2,4.6090555915011056
2017-12-16,HHS Region 2,ili perc,2,2017-12-30,quantile,0.25,4.696674082029382
2017-12-16,HHS Region 2,ili perc,2,2017-12-30,quantile,0.3,5.116957270150203
2017-12-16,HHS Region 2,ili perc,2,2017-12-30,quantile,0.35,5.273791161974491
2017-12-16,HHS Region 2,ili perc,2,2017-12-30,quantile,0.4,5.453074544250214
2017-12-16,HHS Region 2,ili perc,2,2017-12-30,quantile,0.45,5.675228911676605
2017-12-16,HHS Region 2,ili perc,2,2017-12-30,quantile,0.5,5.879518981366697
2017-12-16,HHS Region 2,ili perc,2,2017-12-30,quantile,0.55,6.029975583669168
2017-12-16,HHS Region 2,ili perc,2,2017-12-30,quantile,0.6,6.215974846977893
2017-12-16,HHS Region 2,ili perc,2,2017-12-30,quantile,0.65,6.483507285792202
2017-12-16,HHS Region 2,ili perc,2,2017-12-30,quantile,0.7,6.711118813563427
2017-12-16,HHS Region 2,ili perc,2,2017-12-30,quantile,0.75,6.924379302118747
2017-12-16,HHS Region 2,ili perc,2,2017-12-30,quantile,0.8,7.3202796499246485
2017-12-16,HHS Region 2,ili perc,2,2017-12-30,quantile,0.85,7.524140953893708
2017-12-16,HHS Region 2,ili perc,2,2017-12-30,quantile,0.9,7.742759663677143
2017-12-16,HHS Region 2,ili perc,2,2017-12-30,quantile,0.95,8.05842450213061
2017-12-16,HHS Region 2,ili perc,2,2017-12-30,quantile,0.975,8.429934393864652
2017-12-16,HHS Region 2,ili perc,2,2017-12-30,quantile,0.99,8.929004548038645
2017-12-16,HHS Region 2,ili perc,3,2018-01-06,quantile,0.01,2.078388024546777
2017-12-16,HHS Region 2,ili perc,3,2018-01-06,quantile,0.025,2.6033943271141036
2017-12-16,HHS Region 2,ili perc,3,2018-01-06,quantile,0.05,3.252085708732783
2017-12-16,HHS Region 2,ili perc,3,2018-01-06,quantile,0.1,3.935111270841966
2017-12-16,HHS Region 2,ili perc,3,2018-01-06,quantile,0.15,4.253451154119013
2017-12-16,HHS Region 2,ili perc,3,2018-01-06,quantile,0.2,4.437397671052957
2017-12-16,HHS Region 2,ili perc,3,2018-01-06,quantile,0.25,4.562783532210482
2017-12-16,HHS Region 2,ili perc,3,2018-01-06,quantile,0.3,4.910960369761865
2017-12-16,HHS Region 2,ili perc,3,2018-01-06,quantile,0.35,5.029851973417
2017-12-16,HHS Region 2,ili perc,3,2018-01-06,quantile,0.4,5.227686303019091
2017-12-16,HHS Region 2,ili perc,3,2018-01-06,quantile,0.45,5.4273749779468785
2017-12-16,HHS Region 2,ili perc,3,2018-01-06,quantile,0.5,5.485220973011851
2017-12-16,HHS Region 2,ili perc,3,2018-01-06,quantile,0.55,5.817227242570702
2017-12-16,HHS Region 2,ili perc,3,2018-01-06,quantile,0.6,5.9554905554374535
2017-12-16,HHS Region 2,ili perc,3,2018-01-06,quantile,0.65,6.075361283857214
2017-12-16,HHS Region 2,ili perc,3,2018-01-06,quantile,0.7,6.3523470883266935
2017-12-16,HHS Region 2,ili perc,3,2018-01-06,quantile,0.75,6.61643403011729
2017-12-16,HHS Region 2,ili perc,3,2018-01-06,quantile,0.8,6.893566880495033
2017-12-16,HHS Region 2,ili perc,3,2018-01-06,quantile,0.85,7.1296564483371565
2017-12-16,HHS Region 2,ili perc,3,2018-01-06,quantile,0.9,7.405072774866268
2017-12-16,HHS Region 2,ili perc,3,2018-01-06,quantile,0.95,8.868910947032589
2017-12-16,HHS Region 2,ili perc,3,2018-01-06,quantile,0.975,9.129074826582382
2017-12-16,HHS Region 2,ili perc,3,2018-01-06,quantile,0.99,9.612893500164564
2017-12-16,HHS Region 2,ili perc,4,2018-01-13,quantile,0.01,1.8279411295905217
2017-12-16,HHS Region 2,ili perc,4,2018-01-13,quantile,0.025,2.2180021830498227
2017-12-16,HHS Region 2,ili perc,4,2018-01-13,quantile,0.05,2.333506346873595
2017-12-16,HHS Region 2,ili perc,4,2018-01-13,quantile,0.1,3.0051772193455433
2017-12-16,HHS Region 2,ili perc,4,2018-01-13,quantile,0.15,3.4296595022299257
2017-12-16,HHS Region 2,ili perc,4,2018-01-13,quantile,0.2,3.664078279188548
2017-12-16,HHS Region 2,ili perc,4,2018-01-13,quantile,0.25,3.7712038345535106
2017-12-16,HHS Region 2,ili perc,4,2018-01-13,quantile,0.3,3.9335910294558816
2017-12-16,HHS Region 2,ili perc,4,2018-01-13,quantile,0.35,4.088716982824826
2017-12-16,HHS Region 2,ili perc,4,2018-01-13,quantile,0.4,4.354417478772636
2017-12-16,HHS Region 2,ili perc,4,2018-01-13,quantile,0.45,4.477992416016278
2017-12-16,HHS Region 2,ili perc,4,2018-01-13,quantile,0.5,4.654605452620258
2017-12-16,HHS Region 2,ili perc,4,2018-01-13,quantile,0.55,4.761168928583297
2017-12-16,HHS Region 2,ili perc,4,2018-01-13,quantile,0.6,4.952889256973403
2017-12-16,HHS Region 2,ili perc,4,2018-01-13,quantile,0.65,5.191282103761618
2017-12-16,HHS Region 2,ili perc,4,2018-01-13,quantile,0.7,5.414842147876561
2017-12-16,HHS Region 2,ili perc,4,2018-01-13,quantile,0.75,5.672538087918016
2017-12-16,HHS Region 2,ili perc,4,2018-01-13,quantile,0.8,5.9482069626840435
2017-12-16,HHS Region 2,ili perc,4,2018-01-13,quantile,0.85,6.373661282858863
2017-12-16,HHS Region 2,ili perc,4,2018-01-13,quantile,0.9,6.915912823024016
2017-12-16,HHS Region 2,ili perc,4,2018-01-13,quantile,0.95,7.57149599322569
2017-12-16,HHS Region 2,ili perc,4,2018-01-13,quantile,0.975,8.023327629002123
2017-12-16,HHS Region 2,ili perc,4,2018-01-13,quantile,0.99,8.367444363144363
2017-12-16,HHS Region 3,ili perc,1,2017-12-23,quantile,0.01,0
2017-12-16,HHS Region 3,ili perc,1,2017-12-23,quantile,0.025,0
2017-12-16,HHS Region 3,ili perc,1,2017-12-23,quantile,0.05,0.10835658730666992
2017-12-16,HHS Region 3,ili perc,1,2017-12-23,quantile,0.1,0.5198925361166302
2017-12-16,HHS Region 3,ili perc,1,2017-12-23,quantile,0.15,0.9107496327022616
2017-12-16,HHS Region 3,ili perc,1,2017-12-23,quantile,0.2,1.1315594359133725
2017-12-16,HHS Region 3,ili perc,1,2017-12-23,quantile,0.25,1.2821172215712575
2017-12-16,HHS Region 3,ili perc,1,2017-12-23,quantile,0.3,1.465466788040494
2017-12-16,HHS Region 3,ili perc,1,2017-12-23,quantile,0.35,1.7964549017123845
2017-12-16,HHS Region 3,ili perc,1,2017-12-23,quantile,0.4,1.9568036454228173
2017-12-16,HHS Region 3,ili perc,1,2017-12-23,quantile,0.45,2.138568868949556
2017-12-16,HHS Region 3,ili perc,1,2017-12-23,quantile,0.5,2.377086874701245
2017-12-16,HHS Region 3,ili perc,1,2017-12-23,quantile,0.55,2.6191360430680333
2017-12-16,HHS Region 3,ili perc,1,2017-12-23,quantile,0.6,2.7351662453264254
2017-12-16,HHS Region 3,ili perc,1,2017-12-23,quantile,0.65,2.994091539520273
2017-12-16,HHS Region 3,ili perc,1,2017-12-23,quantile,0.7,3.3676789538451444
2017-12-16,HHS Region 3,ili perc,1,2017-12-23,quantile,0.75,3.570349778479578
2017-12-16,HHS Region 3,ili perc,1,2017-12-23,quantile,0.8,3.8866884579818572
2017-12-16,HHS Region 3,ili perc,1,2017-12-23,quantile,0.85,4.134405818792158
2017-12-16,HHS Region 3,ili perc,1,2017-12-23,quantile,0.9,4.614429580249701
2017-12-16,HHS Region 3,ili perc,1,2017-12-23,quantile,0.95,4.938199553897145
2017-12-16,HHS Region 3,ili perc,1,2017-12-23,quantile,0.975,5.348353081480383
2017-12-16,HHS Region 3,ili perc,1,2017-12-23,quantile,0.99,5.534476156333016
2017-12-16,HHS Region 3,ili perc,2,2017-12-30,quantile,0.01,0
2017-12-16,HHS Region 3,ili perc,2,2017-12-30,quantile,0.025,0.5674033160790471
2017-12-16,HHS Region 3,ili perc,2,2017-12-30,quantile,0.05,0.9106808755035214
2017-12-16,HHS Region 3,ili perc,2,2017-12-30,quantile,0.1,1.3582322091378147
2017-12-16,HHS Region 3,ili perc,2,2017-12-30,quantile,0.15,1.7100585213349961
2017-12-16,HHS Region 3,ili perc,2,2017-12-30,quantile,0.2,2.0038989916277674
2017-12-16,HHS Region 3,ili perc,2,2017-12-30,quantile,0.25,2.294752278090468
2017-12-16,HHS Region 3,ili perc,2,2017-12-30,quantile,0.3,2.544530504649485
2017-12-16,HHS Region 3,ili perc,2,2017-12-30,quantile,0.35,2.662509866774138
2017-12-16,HHS Region 3,ili perc,2,2017-12-30,quantile,0.4,2.768788855970552
2017-12-16,HHS Region 3,ili perc,2,2017-12-30,quantile,0.45,2.9510808470898153
2017-12-16,HHS Region 3,ili perc,2,2017-12-30,quantile,0.5,3.041573970848578
2017-12-16,HHS Region 3,ili perc,2,2017-12-30,quantile,0.55,3.1899072621375426
2017-12-16,HHS Region 3,ili perc,2,2017-12-30,quantile,0.6,3.458028384043137
2017-12-16,HHS Region 3,ili perc,2,2017-12-30,quantile,0.65,3.711764471267351
2017-12-16,HHS Region 3,ili perc,2,2017-12-30,quantile,0.7,3.842377137983319
2017-12-16,HHS Region 3,ili perc,2,2017-12-30,quantile,0.75,3.9703250750998325
2017-12-16,HHS Region 3,ili perc,2,2017-12-30,quantile,0.8,4.402086874196117
2017-12-16,HHS Region 3,ili perc,2,2017-12-30,quantile,0.85,4.798231505933927
2017-12-16,HHS Region 3,ili perc,2,2017-12-30,quantile,0.9,5.10108059830399
2017-12-16,HHS Region 3,ili perc,2,2017-12-30,quantile,0.95,5.587145170544739
2017-12-16,HHS Region 3,ili perc,2,2017-12-30,quantile,0.975,5.719475806108672
2017-12-16,HHS Region 3,ili perc,2,2017-12-30,quantile,0.99,6.00755779346732
2017-12-16,HHS Region 3,ili perc,3,2018-01-06,quantile,0.01,0
2017-12-16,HHS Region 3,ili perc,3,2018-01-06,quantile,0.025,0.09687202700648855
2017-12-16,HHS Region 3,ili perc,3,2018-01-06,quantile,0.05,0.39397612008700306
2017-12-16,HHS Region 3,ili perc,3,2018-01-06,quantile,0.1,0.8125363103483629
2017-12-16,HHS Region 3,ili perc,3,2018-01-06,quantile,0.15,1.1775888915703132
2017-12-16,HHS Region 3,ili perc,3,2018-01-06,quantile,0.2,1.40732214903019
2017-12-16,HHS Region 3,ili perc,3,2018-01-06,quantile,0.25,1.5509818287220138
2017-12-16,HHS Region 3,ili perc,3,2018-01-06,quantile,0.3,1.789746257387716
2017-12-16,HHS Region 3,ili perc,3,2018-01-06,quantile,0.35,2.0296445591986814
2017-12-16,HHS Region 3,ili perc,3,2018-01-06,quantile,0.4,2.166247118491273
2017-12-16,HHS Region 3,ili perc,3,2018-01-06,quantile,0.45,2.3774924720464226
2017-12-16,HHS Region 3,ili perc,3,2018-01-06,quantile,0.5,2.5638183492103908
2017-12-16,HHS Region 3,ili perc,3,2018-01-06,quantile,0.55,2.682930583467428
2017-12-16,HHS Region 3,ili perc,3,2018-01-06,quantile,0.6,2.921152471879725
2017-12-16,HHS Region 3,ili perc,3,2018-01-06,quantile,0.65,3.134744717817312
2017-12-16,HHS Region 3,ili perc,3,2018-01-06,quantile,0.7,3.2629137377369064
2017-12-16,HHS Region 3,ili perc,3,2018-01-06,quantile,0.75,3.450900248759525
2017-12-16,HHS Region 3,ili perc,3,2018-01-06,quantile,0.8,3.5705230926936307
2017-12-16,HHS Region 3,ili perc,3,2018-01-06,quantile,0.85,3.99690242299699
2017-12-16,HHS Region 3,ili perc,3,2018-01-06,quantile,0.9,4.33066145516325
2017-12-16,HHS Region 3,ili perc,3,2018-01-06,quantile,0.95,5.247532875641297
2017-12-16,HHS Region 3,ili perc,3,2018-01-06,quantile,0.975,5.806735779123449
2017-12-16,HHS Region 3,ili perc,3,2018-01-06,quantile,0.99,6.192786637585278
2017-12-16,HHS Region 3,ili perc,4,2018-01-13,quantile,0.01,0
2017-12-16,HHS Region 3,ili perc,4,2018-01-13,quantile,0.025,0.07740826451539043
2017-12-16,HHS Region 3,ili perc,4,2018-01-13,quantile,0.05,0.41687616932560584
2017-12-16,HHS Region 3,ili perc,4,2018-01-13,quantile,0.1,0.7132719051719583
2017-12-16,HHS Region 3,ili perc,4,2018-01-13,quantile,0.15,1.0544836458270783
2017-12-16,HHS Region 3,ili perc,4,2018-01-13,quantile,0.2,1.7948846754158991
2017-12-16,HHS Region 3,ili perc,4,2018-01-13,quantile,0.25,1.9337838235655014
2017-12-16,HHS Region 3,ili perc,4,2018-01-13,quantile,0.3,2.1731305056929062
2017-12-16,HHS Region 3,ili perc,4,2018-01-13,quantile,0.35,2.2427116378668712
2017-12-16,HHS Region 3,ili perc,4,2018-01-13,quantile,0.4,2.4138310653243784
2017-12-16,HHS Region 3,ili perc,4,2018-01-13,quantile,0.45,2.554258690590518
2017-12-16,HHS Region 3,ili perc,4,2018-01-13,quantile,0.5,2.7043622869053707
2017-12-16,HHS Region 3,ili perc,4,2018-01-13,quantile,0.55,2.819451568776116
2017-12-16,HHS Region 3,ili perc,4,2018-01-13,quantile,0.6,3.0281557351314916
2017-12-16,HHS Region 3,ili perc,4,2018-01-13,quantile,0.65,3.141380654420308
2017-12-16,HHS Region 3,ili perc,4,2018-01-13,quantile,0.7,3.3245808710972162
2017-12-16,HHS Region 3,ili perc,4,2018-01-13,quantile,0.75,3.553074905164703
2017-12-16,HHS Region 3,ili perc,4,2018-01-13,quantile,0.8,3.805678837665515
2017-12-16,HHS Region 3,ili perc,4,2018-01-13,quantile,0.85,4.135339358455847
2017-12-16,HHS Region 3,ili perc,4,2018-01-13,quantile,0.9,4.590970531194693
2017-12-16,HHS Region 3,ili perc,4,2018-01-13,quantile,0.95,5.010832269507417
2017-12-16,HHS Region 3,ili perc,4,2018-01-13,quantile,0.975,5.254021284785988
2017-12-16,HHS Region 3,ili perc,4,2018-01-13,quantile,0.99,5.487408162760355
2017-12-16,HHS Region 4,ili perc,1,2017-12-23,quantile,0.01,0.17910290158081787
2017-12-16,HHS Region 4,ili perc,1,2017-12-23,quantile,0.025,0.9836065201166395
2017-12-16,HHS Region 4,ili perc,1,2017-12-23,quantile,0.05,1.1955292776130546
2017-12-16,HHS Region 4,ili perc,1,2017-12-23,quantile,0.1,1.4161101576210913
2017-12-16,HHS Region 4,ili perc,1,2017-12-23,quantile,0.15,1.631092970752976
2017-12-16,HHS Region 4,ili perc,1,2017-12-23,quantile,0.2,1.9123051864278562
2017-12-16,HHS Region 4,ili perc,1,2017-12-23,quantile,0.25,2.129519911017069
2017-12-16,HHS Region 4,ili perc,1,2017-12-23,quantile,0.3,2.1751805605096415
2017-12-16,HHS Region 4,ili perc,1,2017-12-23,quantile,0.35,2.2902335109928837
2017-12-16,HHS Region 4,ili perc,1,2017-12-23,quantile,0.4,2.5057860728894195
2017-12-16,HHS Region 4,ili perc,1,2017-12-23,quantile,0.45,2.731306026517756
2017-12-16,HHS Region 4,ili perc,1,2017-12-23,quantile,0.5,2.9931135297582903
2017-12-16,HHS Region 4,ili perc,1,2017-12-23,quantile,0.55,3.1546091787173536
2017-12-16,HHS Region 4,ili perc,1,2017-12-23,quantile,0.6,3.356750221187803
2017-12-16,HHS Region 4,ili perc,1,2017-12-23,quantile,0.65,3.4879541393405225
2017-12-16,HHS Region 4,ili perc,1,2017-12-23,quantile,0.7,3.6160516015259154
2017-12-16,HHS Region 4,ili perc,1,2017-12-23,quantile,0.75,3.829346010553194
2017-12-16,HHS Region 4,ili perc,1,2017-12-23,quantile,0.8,4.11344370031979
2017-12-16,HHS Region 4,ili perc,1,2017-12-23,quantile,0.85,4.3332891846944905
2017-12-16,HHS Region 4,ili perc,1,2017-12-23,quantile,0.9,4.725473339006033
2017-12-16,HHS Region 4,ili perc,1,2017-12-23,quantile,0.95,4.905854856938154
2017-12-16,HHS Region 4,ili perc,1,2017-12-23,quantile,0.975,5.137591743028982
2017-12-16,HHS Region 4,ili perc,1,2017-12-23,quantile,0.99,5.784993022934177
2017-12-16,HHS Region 4,ili perc,2,2017-12-30,quantile,0.01,0.7379203577369489
2017-12-16,HHS Region 4,ili perc,2,2017-12-30,quantile,0.025,0.7577716976224176
2017-12-16,HHS Region 4,ili perc,2,2017-12-30,quantile,0.05,1.0743825446711788
2017-12-16,HHS Region 4,ili perc,2,2017-12-30,quantile,0.1,1.533664074566782
2017-12-16,HHS Region 4,ili perc,2,2017-12-30,quantile,0.15,1.920848280694066
2017-12-16,HHS Region 4,ili perc,2,2017-12-30,quantile,0.2,2.132025284241614
2017-12-16,HHS Region 4,ili perc,2,2017-12-30,quantile,0.25,2.2613369869112763
2017-12-16,HHS Region 4,ili perc,2,2017-12-30,quantile,0.3,2.369845944702499
2017-12-16,HHS Region 4,ili perc,2,2017-12-30,quantile,0.35,2.618137134694571
2017-12-16,HHS Region 4,ili perc,2,2017-12-30,quantile,0.4,2.864622790836067
2017-12-16,HHS Region 4,ili perc,2,2017-12-30,quantile,0.45,3.12641351205727
2017-12-16,HHS Region 4,ili perc,2,2017-12-30,quantile,0.5,3.373443870913072
2017-12-16,HHS Region 4,ili perc,2,2017-12-30,quantile,0.55,3.5444660246513777
2017-12-16,HHS Region 4,ili perc,2,2017-12-30,quantile,0.6,3.7110557688251884
2017-12-16,HHS Region 4,ili perc,2,2017-12-30,quantile,0.65,3.9725805169711172
2017-12-16,HHS Region 4,ili perc,2,2017-12-30,quantile,0.7,4.084915436948858
2017-12-16,HHS Region 4,ili perc,2,2017-12-30,quantile,0.75,4.2479839724181
2017-12-16,HHS Region 4,ili perc,2,2017-12-30,quantile,0.8,4.433915499816751
2017-12-16,HHS Region 4,ili perc,2,2017-12-30,quantile,0.85,4.7719151519547705
2017-12-16,HHS Region 4,ili perc,2,2017-12-30,quantile,0.9,4.968080872032293
2017-12-16,HHS Region 4,ili perc,2,2017-12-30,quantile,0.95,5.251524810360568
2017-12-16,HHS Region 4,ili perc,2,2017-12-30,quantile,0.975,5.613439464855751
2017-12-16,HHS Region 4,ili perc,2,2017-12-30,quantile,0.99,5.864506215259479
2017-12-16,HHS Region 4,ili perc,3,2018-01-06,quantile,0.01,0
2017-12-16,HHS Region 4,ili perc,3,2018-01-06,quantile,0.025,0
2017-12-16,HHS Region 4,ili perc,3,2018-01-06,quantile,0.05,0.49471031402094773
2017-12-16,HHS Region 4,ili perc,3,2018-01-06,quantile,0.1,1.1498398458814507
2017-12-16,HHS Region 4,ili perc,3,2018-01-06,quantile,0.15,1.787700074827417
2017-12-16,HHS Region 4,ili perc,3,2018-01-06,quantile,0.2,1.9469115369877146
2017-12-16,HHS Region 4,ili perc,3,2018-01-06,quantile,0.25,2.127184385872908
2017-12-16,HHS Region 4,ili perc,3,2018-01-06,quantile,0.3,2.3392161462660543
2017-12-16,HHS Region 4,ili perc,3,2018-01-06,quantile,0.35,2.4499057114505174
2017-12-16,HHS Region 4,ili perc,3,2018-01-06,quantile,0.4,2.6395615770100855
2017-12-16,HHS Region 4,ili perc,3,2018-01-06,quantile,0.45,2.86874052113094
2017-12-16,HHS Region 4,ili perc,3,2018-01-06,quantile,0.5,3.0101578155333293
2017-12-16,HHS Region 4,ili perc,3,2018-01-06,quantile,0.55,3.127303800436307
2017-12-16,HHS Region 4,ili perc,3,2018-01-06,quantile,0.6,3.308991125885365
2017-12-16,HHS Region 4,ili perc,3,2018-01-06,quantile,0.65,3.487998159910731
2017-12-16,HHS Region 4,ili perc,3,2018-01-06,quantile,0.7,3.70279532015212
2017-12-16,HHS Region 4,ili perc,3,2018-01-06,quantile,0.75,3.8796105455414738
2017-12-16,HHS Region 4,ili perc,3,2018-01-06,quantile,0.8,4.063591687257018
2017-12-16,HHS Region 4,ili perc,3,2018-01-06,quantile,0.85,4.376438060925661
2017-12-16,HHS Region 4,ili perc,3,2018-01-06,quantile,0.9,4.5005532962125905
2017-12-16,HHS Region 4,ili perc,3,2018-01-06,quantile,0.95,4.643678856605918
2017-12-16,HHS Region 4,ili perc,3,2018-01-06,quantile,0.975,5.164198018369728
2017-12-16,HHS Region 4,ili perc,3,2018-01-06,quantile,0.99,5.600483354201164
2017-12-16,HHS Region 4,ili perc,4,2018-01-13,quantile,0.01,0
2017-12-16,HHS Region 4,ili perc,4,2018-01-13,quantile,0.025,0.288672184245412
2017-12-16,HHS Region 4,ili perc,4,2018-01-13,quantile,0.05,0.6416453675473321
2017-12-16,HHS Region 4,ili perc,4,2018-01-13,quantile,0.1,1.6849782541972407
2017-12-16,HHS Region 4,ili perc,4,2018-01-13,quantile,0.15,2.102165024145841
2017-12-16,HHS Region 4,ili perc,4,2018-01-13,quantile,0.2,2.337688248847991
2017-12-16,HHS Region 4,ili perc,4,2018-01-13,quantile,0.25,2.557170071757078
2017-12-16,HHS Region 4,ili perc,4,2018-01-13,quantile,0.3,2.727974043192738
2017-12-16,HHS Region 4,ili perc,4,2018-01-13,quantile,0.35,2.8235557304569667
2017-12-16,HHS Region 4,ili perc,4,2018-01-13,quantile,0.4,2.9182204638007176
2017-12-16,HHS Region 4,ili perc,4,2018-01-13,quantile,0.45,3.1119557702795846
2017-12-16,HHS Region 4,ili perc,4,2018-01-13,quantile,0.5,3.234310741648722
2017-12-16,HHS Region 4,ili perc,4,2018-01-13,quantile,0.55,3.3234601332375036
2017-12-16,HHS Region 4,ili perc,4,2018-01-13,quantile,0.6,3.485951451340336
2017-12-16,HHS Region 4,ili perc,4,2018-01-13,quantile,0.65,3.59161742587448
2017-12-16,HHS Region 4,ili perc,4,2018-01-13,quantile,0.7,3.7355725221292078
2017-12-16,HHS Region 4,ili perc,4,2018-01-13,quantile,0.75,4.0006352887326635
2017-12-16,HHS Region 4,ili perc,4,2018-01-13,quantile,0.8,4.187272693793725
2017-12-16,HHS Region 4,ili perc,4,2018-01-13,quantile,0.85,4.377749010606707
2017-12-16,HHS Region 4,ili perc,4,2018-01-13,quantile,0.9,4.631657317778076
2017-12-16,HHS Region 4,ili perc,4,2018-01-13,quantile,0.95,5.055426540724755
2017-12-16,HHS Region 4,ili perc,4,2018-01-13,quantile,0.975,5.486319196652817
2017-12-16,HHS Region 4,ili perc,4,2018-01-13,quantile,0.99,6.093980755236696
2017-12-16,HHS Region 5,ili perc,1,2017-12-23,quantile,0.01,0
2017-12-16,HHS Region 5,ili perc,1,2017-12-23,quantile,0.025,0
2017-12-16,HHS Region 5,ili perc,1,2017-12-23,quantile,0.05,0
2017-12-16,HHS Region 5,ili perc,1,2017-12-23,quantile,0.1,0
2017-12-16,HHS Region 5,ili perc,1,2017-12-23,quantile,0.15,0.6011437299021498
2017-12-16,HHS Region 5,ili perc,1,2017-12-23,quantile,0.2,0.9168524489388967
2017-12-16,HHS Region 5,ili perc,1,2017-12-23,quantile,0.25,1.1464811687262997
2017-12-16,HHS Region 5,ili perc,1,2017-12-23,quantile,0.3,1.3096281413144208
2017-12-16,HHS Region 5,ili perc,1,2017-12-23,quantile,0.35,1.509116825358662
2017-12-16,HHS Region 5,ili perc,1,2017-12-23,quantile,0.4,1.601704999893851
2017-12-16,HHS Region 5,ili perc,1,2017-12-23,quantile,0.45,1.7546258157073242
2017-12-16,HHS Region 5,ili perc,1,2017-12-23,quantile,0.5,1.8999205341781056
2017-12-16,HHS Region 5,ili perc,1,2017-12-23,quantile,0.55,2.0610768087047195
2017-12-16,HHS Region 5,ili perc,1,2017-12-23,quantile,0.6,2.1417467296176116
2017-12-16,HHS Region 5,ili perc,1,2017-12-23,quantile,0.65,2.3494365847969005
2017-12-16,HHS Region 5,ili perc,1,2017-12-23,quantile,0.7,2.63971798453902
2017-12-16,HHS Region 5,ili perc,1,2017-12-23,quantile,0.75,2.903910088183287
2017-12-16,HHS Region 5,ili perc,1,2017-12-23,quantile,0.8,3.0698148661996045
2017-12-16,HHS Region 5,ili perc,1,2017-12-23,quantile,0.85,3.345875827633523
2017-12-16,HHS Region 5,ili perc,1,2017-12-23,quantile,0.9,3.521509073602483
2017-12-16,HHS Region 5,ili perc,1,2017-12-23,quantile,0.95,3.9436309527105813
2017-12-16,HHS Region 5,ili perc,1,2017-12-23,quantile,0.975,4.264213859516689
2017-12-16,HHS Region 5,ili perc,1,2017-12-23,quantile,0.99,4.64532935781776
2017-12-16,HHS Region 5,ili perc,2,2017-12-30,quantile,0.01,0
2017-12-16,HHS Region 5,ili perc,2,2017-12-30,quantile,0.025,0.01750968950065157
2017-12-16,HHS Region 5,ili perc,2,2017-12-30,quantile,0.05,0.3492997778724854
2017-12-16,HHS Region 5,ili perc,2,2017-12-30,quantile,0.1,0.7805812133480924
2017-12-16,HHS Region 5,ili perc,2,2017-12-30,quantile,0.15,0.9587743909315831
2017-12-16,HHS Region 5,ili perc,2,2017-12-30,quantile,0.2,1.1421067782655216
2017-12-16,HHS Region 5,ili perc,2,2017-12-30,quantile,0.25,1.4209672895638612
2017-12-16,HHS Region 5,ili perc,2,2017-12-30,quantile,0.3,1.6843179360017548
2017-12-16,HHS Region 5,ili perc,2,2017-12-30,quantile,0.35,1.8642714194925996
2017-12-16,HHS Region 5,ili perc,2,2017-12-30,quantile,0.4,1.9789273357729904
2017-12-16,HHS Region 5,ili perc,2,2017-12-30,quantile,0.45,2.3384733128289836
2017-12-16,HHS Region 5,ili perc,2,2017-12-30,quantile,0.5,2.499278264270032
2017-12-16,HHS Region 5,ili perc,2,2017-12-30,quantile,0.55,2.652462564768739
2017-12-16,HHS Region 5,ili perc,2,2017-12-30,quantile,0.6,2.7533233039309586
2017-12-16,HHS Region 5,ili perc,2,2017-12-30,quantile,0.65,2.8848860808709356
2017-12-16,HHS Region 5,ili perc,2,2017-12-30,quantile,0.7,2.986638202148435
2017-12-16,HHS Region 5,ili perc,2,2017-12-30,quantile,0.75,3.1528361640461524
2017-12-16,HHS Region 5,ili perc,2,2017-12-30,quantile,0.8,3.3153451590941563
2017-12-16,HHS Region 5,ili perc,2,2017-12-30,quantile,0.85,3.5841696655891013
2017-12-16,HHS Region 5,ili perc,2,2017-12-30,quantile,0.9,4.594495602023587
2017-12-16,HHS Region 5,ili perc,2,2017-12-30,quantile,0.95,4.982671885123889
2017-12-16,HHS Region 5,ili perc,2,2017-12-30,quantile,0.975,5.613549694336288
2017-12-16,HHS Region 5,ili perc,2,2017-12-30,quantile,0.99,5.862766760040152
2017-12-16,HHS Region 5,ili perc,3,2018-01-06,quantile,0.01,0
2017-12-16,HHS Region 5,ili perc,3,2018-01-06,quantile,0.025,0
2017-12-16,HHS Region 5,ili perc,3,2018-01-06,quantile,0.05,0
2017-12-16,HHS Region 5,ili perc,3,2018-01-06,quantile,0.1,0.28831850837503
2017-12-16,HHS Region 5,ili perc,3,2018-01-06,quantile,0.15,0.47880591721292876
2017-12-16,HHS Region 5,ili perc,3,2018-01-06,quantile,0.2,0.7458845511300436
2017-12-16,HHS Region 5,ili perc,3,2018-01-06,quantile,0.25,0.9197255832578102
2017-12-16,HHS Region 5,ili perc,3,2018-01-06,quantile,0.3,1.2667725555232365
2017-12-16,HHS Region 5,ili perc,3,2018-01-06,quantile,0.35,1.568721587220185
2017-12-16,HHS Region 5,ili perc,3,2018-01-06,quantile,0.4,1.786359564326825
2017-12-16,HHS Region 5,ili perc,3,2018-01-06,quantile,0.45,1.9475651134090166
2017-12-16,HHS Region 5,ili perc,3,2018-01-06,quantile,0.5,2.0953718508150576
2017-12-16,HHS Region 5,ili perc,3,2018-01-06,quantile,0.55,2.337673222107119
2017-12-16,HHS Region 5,ili perc,3,2018-01-06,quantile,0.6,2.4889740928054374
2017-12-16,HHS Region 5,ili perc,3,2018-01-06,quantile,0.65,2.6288082872588907
2017-12-16,HHS Region 5,ili perc,3,2018-01-06,quantile,0.7,2.7753517172543978
2017-12-16,HHS Region 5,ili perc,3,2018-01-06,quantile,0.75,3.122754208427418
2017-12-16,HHS Region 5,ili perc,3,2018-01-06,quantile,0.8,3.261435755556871
2017-12-16,HHS Region 5,ili perc,3,2018-01-06,quantile,0.85,3.654432437528139
2017-12-16,HHS Region 5,ili perc,3,2018-01-06,quantile,0.9,3.912763291509501
2017-12-16,HHS Region 5,ili perc,3,2018-01-06,quantile,0.95,4.374158590567796
2017-12-16,HHS Region 5,ili perc,3,2018-01-06,quantile,0.975,4.544965698717439
2017-12-16,HHS Region 5,ili perc,3,2018-01-06,quantile,0.99,4.66978987598901
2017-12-16,HHS Region 5,ili perc,4,2018-01-13,quantile,0.01,0
2017-12-16,HHS Region 5,ili perc,4,2018-01-13,quantile,0.025,0
2017-12-16,HHS Region 5,ili perc,4,2018-01-13,quantile,0.05,0
2017-12-16,HHS Region 5,ili perc,4,2018-01-13,quantile,0.1,0.3083215343236343
2017-12-16,HHS Region 5,ili perc,4,2018-01-13,quantile,0.15,0.6299898512210815
2017-12-16,HHS Region 5,ili perc,4,2018-01-13,quantile,0.2,1.0494792176308263
2017-12-16,HHS Region 5,ili perc,4,2018-01-13,quantile,0.25,1.2865047667839278
2017-12-16,HHS Region 5,ili perc,4,2018-01-13,quantile,0.3,1.5833886677879458
2017-12-16,HHS Region 5,ili perc,4,2018-01-13,quantile,0.35,1.7476177068155838
2017-12-16,HHS Region 5,ili perc,4,2018-01-13,quantile,0.4,1.9088963607638494
2017-12-16,HHS Region 5,ili perc,4,2018-01-13,quantile,0.45,2.0942151427166804
2017-12-16,HHS Region 5,ili perc,4,2018-01-13,quantile,0.5,2.2672701868231844
2017-12-16,HHS Region 5,ili perc,4,2018-01-13,quantile,0.55,2.3657266107372763
2017-12-16,HHS Region 5,ili perc,4,2018-01-13,quantile,0.6,2.4915401117701395
2017-12-16,HHS Region 5,ili perc,4,2018-01-13,quantile,0.65,2.6414491229482415
2017-12-16,HHS Region 5,ili perc,4,2018-01-13,quantile,0.7,2.79057914601893
2017-12-16,HHS Region 5,ili perc,4,2018-01-13,quantile,0.75,3.0383035511092524
2017-12-16,HHS Region 5,ili perc,4,2018-01-13,quantile,0.8,3.2733489150376274
2017-12-16,HHS Region 5,ili perc,4,2018-01-13,quantile,0.85,3.6061443056082005
2017-12-16,HHS Region 5,ili perc,4,2018-01-13,quantile,0.9,3.8867290741641205
2017-12-16,HHS Region 5,ili perc,4,2018-01-13,quantile,0.95,4.539299339107978
2017-12-16,HHS Region 5,ili perc,4,2018-01-13,quantile,0.975,4.8774030101826895
2017-12-16,HHS Region 5,ili perc,4,2018-01-13,quantile,0.99,5.405365363281892
2017-12-16,HHS Region 6,ili perc,1,2017-12-23,quantile,0.01,0
2017-12-16,HHS Region 6,ili perc,1,2017-12-23,quantile,0.025,0
2017-12-16,HHS Region 6,ili perc,1,2017-12-23,quantile,0.05,0.723935308436384
2017-12-16,HHS Region 6,ili perc,1,2017-12-23,quantile,0.1,1.147994383020024
2017-12-16,HHS Region 6,ili perc,1,2017-12-23,quantile,0.15,1.4230141164878618
2017-12-16,HHS Region 6,ili perc,1,2017-12-23,quantile,0.2,1.8225488539783317
2017-12-16,HHS Region 6,ili perc,1,2017-12-23,quantile,0.25,2.031753250500283
2017-12-16,HHS Region 6,ili perc,1,2017-12-23,quantile,0.3,2.3674595819558935
2017-12-16,HHS Region 6,ili perc,1,2017-12-23,quantile,0.35,2.5866997322783236
2017-12-16,HHS Region 6,ili perc,1,2017-12-23,quantile,0.4,3.2256660815860245
2017-12-16,HHS Region 6,ili perc,1,2017-12-23,quantile,0.45,3.6225479066075104
2017-12-16,HHS Region 6,ili perc,1,2017-12-23,quantile,0.5,3.762999042076614
2017-12-16,HHS Region 6,ili perc,1,2017-12-23,quantile,0.55,3.8947212010660586
2017-12-16,HHS Region 6,ili perc,1,2017-12-23,quantile,0.6,4.3614691335248486
2017-12-16,HHS Region 6,ili perc,1,2017-12-23,quantile,0.65,4.593795082659591
2017-12-16,HHS Region 6,ili perc,1,2017-12-23,quantile,0.7,4.957444944661059
2017-12-16,HHS Region 6,ili perc,1,2017-12-23,quantile,0.75,5.242992036810094
2017-12-16,HHS Region 6,ili perc,1,2017-12-23,quantile,0.8,5.79147381637733
2017-12-16,HHS Region 6,ili perc,1,2017-12-23,quantile,0.85,6.206799383676449
2017-12-16,HHS Region 6,ili perc,1,2017-12-23,quantile,0.9,7.011398516940447
2017-12-16,HHS Region 6,ili perc,1,2017-12-23,quantile,0.95,7.5983478495515415
2017-12-16,HHS Region 6,ili perc,1,2017-12-23,quantile,0.975,8.031196944296733
2017-12-16,HHS Region 6,ili perc,1,2017-12-23,quantile,0.99,8.119948303739903
2017-12-16,HHS Region 6,ili perc,2,2017-12-30,quantile,0.01,0
2017-12-16,HHS Region 6,ili perc,2,2017-12-30,quantile,0.025,0.2892781191938456
2017-12-16,HHS Region 6,ili perc,2,2017-12-30,quantile,0.05,0.8592253395624712
2017-12-16,HHS Region 6,ili perc,2,2017-12-30,quantile,0.1,1.522580952481609
2017-12-16,HHS Region 6,ili perc,2,2017-12-30,quantile,0.15,1.9087399723529601
2017-12-16,HHS Region 6,ili perc,2,2017-12-30,quantile,0.2,2.4430277925837136
2017-12-16,HHS Region 6,ili perc,2,2017-12-30,quantile,0.25,2.9099264582509035
2017-12-16,HHS Region 6,ili perc,2,2017-12-30,quantile,0.3,3.186246295561786
2017-12-16,HHS Region 6,ili perc,2,2017-12-30,quantile,0.35,3.280201142989233
2017-12-16,HHS Region 6,ili perc,2,2017-12-30,quantile,0.4,3.409354188261485
2017-12-16,HHS Region 6,ili perc,2,2017-12-30,quantile,0.45,3.5719042748406906
2017-12-16,HHS Region 6,ili perc,2,2017-12-30,quantile,0.5,4.054649473869518
2017-12-16,HHS Region 6,ili perc,2,2017-12-30,quantile,0.55,4.421815172934308
2017-12-16,HHS Region 6,ili perc,2,2017-12-30,quantile,0.6,4.696983717909494
2017-12-16,HHS Region 6,ili perc,2,2017-12-30,quantile,0.65,5.0681640640207455
2017-12-16,HHS Region 6,ili perc,2,2017-12-30,quantile,0.7,5.5776836836548975
2017-12-16,HHS Region 6,ili perc,2,2017-12-30,quantile,0.75,5.893675283003366
2017-12-16,HHS Region 6,ili perc,2,2017-12-30,quantile,0.8,6.297981076876347
2017-12-16,HHS Region 6,ili perc,2,2017-12-30,quantile,0.85,6.571052472869409
2017-12-16,HHS Region 6,ili perc,2,2017-12-30,quantile,0.9,6.794361184753819
2017-12-16,HHS Region 6,ili perc,2,2017-12-30,quantile,0.95,7.865168910562295
2017-12-16,HHS Region 6,ili perc,2,2017-12-30,quantile,0.975,8.272592429059117
2017-12-16,HHS Region 6,ili perc,2,2017-12-30,quantile,0.99,8.49296751786405
2017-12-16,HHS Region 6,ili perc,3,2018-01-06,quantile,0.01,0
2017-12-16,HHS Region 6,ili perc,3,2018-01-06,quantile,0.025,0
2017-12-16,HHS Region 6,ili perc,3,2018-01-06,quantile,0.05,0.8460139779146866
2017-12-16,HHS Region 6,ili perc,3,2018-01-06,quantile,0.1,1.4072359033654078
2017-12-16,HHS Region 6,ili perc,3,2018-01-06,quantile,0.15,1.8250897649751388
2017-12-16,HHS Region 6,ili perc,3,2018-01-06,quantile,0.2,2.0840035187270685
2017-12-16,HHS Region 6,ili perc,3,2018-01-06,quantile,0.25,2.2893600585322766
2017-12-16,HHS Region 6,ili perc,3,2018-01-06,quantile,0.3,2.739752369449968
2017-12-16,HHS Region 6,ili perc,3,2018-01-06,quantile,0.35,2.993175125052897
2017-12-16,HHS Region 6,ili perc,3,2018-01-06,quantile,0.4,3.1255166006928805
2017-12-16,HHS Region 6,ili perc,3,2018-01-06,quantile,0.45,3.2813525927487923
2017-12-16,HHS Region 6,ili perc,3,2018-01-06,quantile,0.5,3.663557706745788
2017-12-16,HHS Region 6,ili perc,3,2018-01-06,quantile,0.55,3.9521847239589922
2017-12-16,HHS Region 6,ili perc,3,2018-01-06,quantile,0.6,4.355948463537011
2017-12-16,HHS Region 6,ili perc,3,2018-01-06,quantile,0.65,4.799623145259243
2017-12-16,HHS Region 6,ili perc,3,2018-01-06,quantile,0.7,5.024501240408222
2017-12-16,HHS Region 6,ili perc,3,2018-01-06,quantile,0.75,5.185046945033316
2017-12-16,HHS Region 6,ili perc,3,2018-01-06,quantile,0.8,5.784820532996218
2017-12-16,HHS Region 6,ili perc,3,2018-01-06,quantile,0.85,5.930237031272662
2017-12-16,HHS Region 6,ili perc,3,2018-01-06,quantile,0.9,6.5021894359606005
2017-12-16,HHS Region 6,ili perc,3,2018-01-06,quantile,0.95,6.937063870683544
2017-12-16,HHS Region 6,ili perc,3,2018-01-06,quantile,0.975,7.3177699098296145
2017-12-16,HHS Region 6,ili perc,3,2018-01-06,quantile,0.99,7.5812358302007725
2017-12-16,HHS Region 6,ili perc,4,2018-01-13,quantile,0.01,0.6529705934242056
2017-12-16,HHS Region 6,ili perc,4,2018-01-13,quantile,0.025,0.9492181068386257
2017-12-16,HHS Region 6,ili perc,4,2018-01-13,quantile,0.05,1.103147213786886
2017-12-16,HHS Region 6,ili perc,4,2018-01-13,quantile,0.1,2.169463535295868
2017-12-16,HHS Region 6,ili perc,4,2018-01-13,quantile,0.15,2.566389627406836
2017-12-16,HHS Region 6,ili perc,4,2018-01-13,quantile,0.2,3.058580211104062
2017-12-16,HHS Region 6,ili perc,4,2018-01-13,quantile,0.25,3.361870592582716
2017-12-16,HHS Region 6,ili perc,4,2018-01-13,quantile,0.3,3.5749129737702816
2017-12-16,HHS Region 6,ili perc,4,2018-01-13,quantile,0.35,3.9092864401242853
2017-12-16,HHS Region 6,ili perc,4,2018-01-13,quantile,0.4,4.2510545353748235
2017-12-16,HHS Region 6,ili perc,4,2018-01-13,quantile,0.45,4.674536210975249
2017-12-16,HHS Region 6,ili perc,4,2018-01-13,quantile,0.5,4.8212827762295065
2017-12-16,HHS Region 6,ili perc,4,2018-01-13,quantile,0.55,5.068774575969021
2017-12-16,HHS Region 6,ili perc,4,2018-01-13,quantile,0.6,5.364972564676981
2017-12-16,HHS Region 6,ili perc,4,2018-01-13,quantile,0.65,5.7469520817652064
2017-12-16,HHS Region 6,ili perc,4,2018-01-13,quantile,0.7,5.88534772919065
2017-12-16,HHS Region 6,ili perc,4,2018-01-13,quantile,0.75,6.121311015064409
2017-12-16,HHS Region 6,ili perc,4,2018-01-13,quantile,0.8,6.255884431467431
2017-12-16,HHS Region 6,ili perc,4,2018-01-13,quantile,0.85,6.718451530939792
2017-12-16,HHS Region 6,ili perc,4,2018-01-13,quantile,0.9,7.492516888603317
2017-12-16,HHS Region 6,ili perc,4,2018-01-13,quantile,0.95,7.933800708573278
2017-12-16,HHS Region 6,ili perc,4,2018-01-13,quantile,0.975,8.736044875416084
2017-12-16,HHS Region 6,ili perc,4,2018-01-13,quantile,0.99,8.85341693644088
2017-12-16,HHS Region 7,ili perc,1,2017-12-23,quantile,0.01,0
2017-12-16,HHS Region 7,ili perc,1,2017-12-23,quantile,0.025,0
2017-12-16,HHS Region 7,ili perc,1,2017-12-23,quantile,0.05,0
2017-12-16,HHS Region 7,ili perc,1,2017-12-23,quantile,0.1,0
2017-12-16,HHS Region 7,ili perc,1,2017-12-23,quantile,0.15,0
2017-12-16,HHS Region 7,ili perc,1,2017-12-23,quantile,0.2,0
2017-12-16,HHS Region 7,ili perc,1,2017-12-23,quantile,0.25,0.1861000120783452
2017-12-16,HHS Region 7,ili perc,1,2017-12-23,quantile,0.3,0.36588252970651
2017-12-16,HHS Region 7,ili perc,1,2017-12-23,quantile,0.35,0.5678234889008308
2017-12-16,HHS Region 7,ili perc,1,2017-12-23,quantile,0.4,0.7541512089273835
2017-12-16,HHS Region 7,ili perc,1,2017-12-23,quantile,0.45,0.9324531892465269
2017-12-16,HHS Region 7,ili perc,1,2017-12-23,quantile,0.5,1.3037237760587859
2017-12-16,HHS Region 7,ili perc,1,2017-12-23,quantile,0.55,1.5181064070931223
2017-12-16,HHS Region 7,ili perc,1,2017-12-23,quantile,0.6,1.6476299205549614
2017-12-16,HHS Region 7,ili perc,1,2017-12-23,quantile,0.65,1.904196543658197
2017-12-16,HHS Region 7,ili perc,1,2017-12-23,quantile,0.7,2.1253623794348715
2017-12-16,HHS Region 7,ili perc,1,2017-12-23,quantile,0.75,2.2522166720053622
2017-12-16,HHS Region 7,ili perc,1,2017-12-23,quantile,0.8,2.6019954556080283
2017-12-16,HHS Region 7,ili perc,1,2017-12-23,quantile,0.85,3.1046932131746408
2017-12-16,HHS Region 7,ili perc,1,2017-12-23,quantile,0.9,3.7496378244595427
2017-12-16,HHS Region 7,ili perc,1,2017-12-23,quantile,0.95,4.292442291912815
2017-12-16,HHS Region 7,ili perc,1,2017-12-23,quantile,0.975,4.54699663040373
2017-12-16,HHS Region 7,ili perc,1,2017-12-23,quantile,0.99,4.967727909374007
2017-12-16,HHS Region 7,ili perc,2,2017-12-30,quantile,0.01,0
2017-12-16,HHS Region 7,ili perc,2,2017-12-30,quantile,0.025,0
2017-12-16,HHS Region 7,ili perc,2,2017-12-30,quantile,0.05,0
2017-12-16,HHS Region 7,ili perc,2,2017-12-30,quantile,0.1,0.4883984789631663
2017-12-16,HHS Region 7,ili perc,2,2017-12-30,quantile,0.15,1.0982085859169053
2017-12-16,HHS Region 7,ili perc,2,2017-12-30,quantile,0.2,1.262407613202965
2017-12-16,HHS Region 7,ili perc,2,2017-12-30,quantile,0.25,1.719357469655428
2017-12-16,HHS Region 7,ili perc,2,2017-12-30,quantile,0.3,2.1143060498523485
2017-12-16,HHS Region 7,ili perc,2,2017-12-30,quantile,0.35,2.233221023226435
2017-12-16,HHS Region 7,ili perc,2,2017-12-30,quantile,0.4,2.4107396497962736
2017-12-16,HHS Region 7,ili perc,2,2017-12-30,quantile,0.45,2.5261325661764102
2017-12-16,HHS Region 7,ili perc,2,2017-12-30,quantile,0.5,2.7683829659600865
2017-12-16,HHS Region 7,ili perc,2,2017-12-30,quantile,0.55,2.9181809284402003
2017-12-16,HHS Region 7,ili perc,2,2017-12-30,quantile,0.6,3.0039833602576103
2017-12-16,HHS Region 7,ili perc,2,2017-12-30,quantile,0.65,3.099477210112958
2017-12-16,HHS Region 7,ili perc,2,2017-12-30,quantile,0.7,3.2804008219739735
2017-12-16,HHS Region 7,ili perc,2,2017-12-30,quantile,0.75,3.511218971181597
2017-12-16,HHS Region 7,ili perc,2,2017-12-30,quantile,0.8,3.635921791770332
2017-12-16,HHS Region 7,ili perc,2,2017-12-30,quantile,0.85,3.909417198545189
2017-12-16,HHS Region 7,ili perc,2,2017-12-30,quantile,0.9,4.062670823831864
2017-12-16,HHS Region 7,ili perc,2,2017-12-30,quantile,0.95,4.724355857391443
2017-12-16,HHS Region 7,ili perc,2,2017-12-30,quantile,0.975,5.147499240197787
2017-12-16,HHS Region 7,ili perc,2,2017-12-30,quantile,0.99,5.808760061866616
2017-12-16,HHS Region 7,ili perc,3,2018-01-06,quantile,0.01,0
2017-12-16,HHS Region 7,ili perc,3,2018-01-06,quantile,0.025,0.0334634188972653
2017-12-16,HHS Region 7,ili perc,3,2018-01-06,quantile,0.05,0.4983687176537142
2017-12-16,HHS Region 7,ili perc,3,2018-01-06,quantile,0.1,0.7305223425595898
2017-12-16,HHS Region 7,ili perc,3,2018-01-06,quantile,0.15,1.432791820222365
2017-12-16,HHS Region 7,ili perc,3,2018-01-06,quantile,0.2,1.6192490427984965
2017-12-16,HHS Region 7,ili perc,3,2018-01-06,quantile,0.25,1.870660413653452
2017-12-16,HHS Region 7,ili perc,3,2018-01-06,quantile,0.3,2.061936990289172
2017-12-16,HHS Region 7,ili perc,3,2018-01-06,quantile,0.35,2.5137074738495833
2017-12-16,HHS Region 7,ili perc,3,2018-01-06,quantile,0.4,2.610566451548245
2017-12-16,HHS Region 7,ili perc,3,2018-01-06,quantile,0.45,2.8248783239403954
2017-12-16,HHS Region 7,ili perc,3,2018-01-06,quantile,0.5,3.0066876107917997
2017-12-16,HHS Region 7,ili perc,3,2018-01-06,quantile,0.55,3.2100837728619522
2017-12-16,HHS Region 7,ili perc,3,2018-01-06,quantile,0.6,3.451497269773988
2017-12-16,HHS Region 7,ili perc,3,2018-01-06,quantile,0.65,3.7550696495080786
2017-12-16,HHS Region 7,ili perc,3,2018-01-06,quantile,0.7,3.8730599554559544
2017-12-16,HHS Region 7,ili perc,3,2018-01-06,quantile,0.75,4.355524851965041
2017-12-16,HHS Region 7,ili perc,3,2018-01-06,quantile,0.8,4.526443905925736
2017-12-16,HHS Region 7,ili perc,3,2018-01-06,quantile,0.85,4.789246321114531
2017-12-16,HHS Region 7,ili perc,3,2018-01-06,quantile,0.9,5.308329350175349
2017-12-16,HHS Region 7,ili perc,3,2018-01-06,quantile,0.95,5.828526977509848
2017-12-16,HHS Region 7,ili perc,3,2018-01-06,quantile,0.975,6.52681205118642
2017-12-16,HHS Region 7,ili perc,3,2018-01-06,quantile,0.99,7.382471742469674
2017-12-16,HHS Region 7,ili perc,4,2018-01-13,quantile,0.01,0
2017-12-16,HHS Region 7,ili perc,4,2018-01-13,quantile,0.025,0
2017-12-16,HHS Region 7,ili perc,4,2018-01-13,quantile,0.05,0.022611166344538462
2017-12-16,HHS Region 7,ili perc,4,2018-01-13,quantile,0.1,0.41399091857564574
2017-12-16,HHS Region 7,ili perc,4,2018-01-13,quantile,0.15,0.7647622144381897
2017-12-16,HHS Region 7,ili perc,4,2018-01-13,quantile,0.2,1.3314621608144013
2017-12-16,HHS Region 7,ili perc,4,2018-01-13,quantile,0.25,1.6176227885683845
2017-12-16,HHS Region 7,ili perc,4,2018-01-13,quantile,0.3,1.7751101148901616
2017-12-16,HHS Region 7,ili perc,4,2018-01-13,quantile,0.35,2.022751206946522
2017-12-16,HHS Region 7,ili perc,4,2018-01-13,quantile,0.4,2.412837936672513
2017-12-16,HHS Region 7,ili perc,4,2018-01-13,quantile,0.45,2.5451920399310675
2017-12-16,HHS Region 7,ili perc,4,2018-01-13,quantile,0.5,2.826987846919571
2017-12-16,HHS Region 7,ili perc,4,2018-01-13,quantile,0.55,3.0274761215359716
2017-12-16,HHS Region 7,ili perc,4,2018-01-13,quantile,0.6,3.2429406803763765
2017-12-16,HHS Region 7,ili perc,4,2018-01-13,quantile,0.65,3.46540261944553
2017-12-16,HHS Region 7,ili perc,4,2018-01-13,quantile,0.7,3.580749889383946
2017-12-16,HHS Region 7,ili perc,4,2018-01-13,quantile,0.75,3.9083506877516987
2017-12-16,HHS Region 7,ili perc,4,2018-01-13,quantile,0.8,4.348269756467996
2017-12-16,HHS Region 7,ili perc,4,2018-01-13,quantile,0.85,4.7684130086349015
2017-12-16,HHS Region 7,ili perc,4,2018-01-13,quantile,0.9,4.964253315761594
2017-12-16,HHS Region 7,ili perc,4,2018-01-13,quantile,0.95,5.3718337203288415
2017-12-16,HHS Region 7,ili perc,4,2018-01-13,quantile,0.975,5.785505447188705
2017-12-16,HHS Region 7,ili perc,4,2018-01-13,quantile,0.99,6.2735377341872995
2017-12-16,HHS Region 8,ili perc,1,2017-12-23,quantile,0.01,0
2017-12-16,HHS Region 8,ili perc,1,2017-12-23,quantile,0.025,0
2017-12-16,HHS Region 8,ili perc,1,2017-12-23,quantile,0.05,0
2017-12-16,HHS Region 8,ili perc,1,2017-12-23,quantile,0.1,0.07781454310315203
2017-12-16,HHS Region 8,ili perc,1,2017-12-23,quantile,0.15,0.5609616884624252
2017-12-16,HHS Region 8,ili perc,1,2017-12-23,quantile,0.2,0.7695310175461132
2017-12-16,HHS Region 8,ili perc,1,2017-12-23,quantile,0.25,1.193283720184047
2017-12-16,HHS Region 8,ili perc,1,2017-12-23,quantile,0.3,1.3633522815517547
2017-12-16,HHS Region 8,ili perc,1,2017-12-23,quantile,0.35,1.4457855863175604
2017-12-16,HHS Region 8,ili perc,1,2017-12-23,quantile,0.4,1.7668399757018862
2017-12-16,HHS Region 8,ili perc,1,2017-12-23,quantile,0.45,1.956068860923717
2017-12-16,HHS Region 8,ili perc,1,2017-12-23,quantile,0.5,2.127766376699991
2017-12-16,HHS Region 8,ili perc,1,2017-12-23,quantile,0.55,2.2407638162915626
2017-12-16,HHS Region 8,ili perc,1,2017-12-23,quantile,0.6,2.3693036741041014
2017-12-16,HHS Region 8,ili perc,1,2017-12-23,quantile,0.65,2.575595868140315
2017-12-16,HHS Region 8,ili perc,1,2017-12-23,quantile,0.7,2.756112071788977
2017-12-16,HHS Region 8,ili perc,1,2017-12-23,quantile,0.75,2.955626117571578
2017-12-16,HHS Region 8,ili perc,1,2017-12-23,quantile,0.8,3.076407860184071
2017-12-16,HHS Region 8,ili perc,1,2017-12-23,quantile,0.85,3.2950742002542617
2017-12-16,HHS Region 8,ili perc,1,2017-12-23,quantile,0.9,3.5499673220884613
2017-12-16,HHS Region 8,ili perc,1,2017-12-23,quantile,0.95,3.874360068002277
2017-12-16,HHS Region 8,ili perc,1,2017-12-23,quantile,0.975,3.991953757444139
2017-12-16,HHS Region 8,ili perc,1,2017-12-23,quantile,0.99,4.100050115035035
2017-12-16,HHS Region 8,ili perc,2,2017-12-30,quantile,0.01,0
2017-12-16,HHS Region 8,ili perc,2,2017-12-30,quantile,0.025,0
2017-12-16,HHS Region 8,ili perc,2,2017-12-30,quantile,0.05,0
2017-12-16,HHS Region 8,ili perc,2,2017-12-30,quantile,0.1,0
2017-12-16,HHS Region 8,ili perc,2,2017-12-30,quantile,0.15,0
2017-12-16,HHS Region 8,ili perc,2,2017-12-30,quantile,0.2,0.36067893096190173
2017-12-16,HHS Region 8,ili perc,2,2017-12-30,quantile,0.25,0.645704131936301
2017-12-16,HHS Region 8,ili perc,2,2017-12-30,quantile,0.3,0.784886183441029
2017-12-16,HHS Region 8,ili perc,2,2017-12-30,quantile,0.35,0.926009580280041
2017-12-16,HHS Region 8,ili perc,2,2017-12-30,quantile,0.4,1.0288876103249838
2017-12-16,HHS Region 8,ili perc,2,2017-12-30,quantile,0.45,1.1275703071391765
2017-12-16,HHS Region 8,ili perc,2,2017-12-30,quantile,0.5,1.2550842095953378
2017-12-16,HHS Region 8,ili perc,2,2017-12-30,quantile,0.55,1.392293779604762
2017-12-16,HHS Region 8,ili perc,2,2017-12-30,quantile,0.6,1.538707755134257
2017-12-16,HHS Region 8,ili perc,2,2017-12-30,quantile,0.65,1.6477542878436793
2017-12-16,HHS Region 8,ili perc,2,2017-12-30,quantile,0.7,1.8027959156933644
2017-12-16,HHS Region 8,ili perc,2,2017-12-30,quantile,0.75,1.966390514546025
2017-12-16,HHS Region 8,ili perc,2,2017-12-30,quantile,0.8,2.1272473133131236
2017-12-16,HHS Region 8,ili perc,2,2017-12-30,quantile,0.85,2.3533549109865777
2017-12-16,HHS Region 8,ili perc,2,2017-12-30,quantile,0.9,2.698524983045793
2017-12-16,HHS Region 8,ili perc,2,2017-12-30,quantile,0.95,2.925170811862178
2017-12-16,HHS Region 8,ili perc,2,2017-12-30,quantile,0.975,3.303725798293386
2017-12-16,HHS Region 8,ili perc,2,2017-12-30,quantile,0.99,3.575287327833509
2017-12-16,HHS Region 8,ili perc,3,2018-01-06,quantile,0.01,0
2017-12-16,HHS Region 8,ili perc,3,2018-01-06,quantile,0.025,0
2017-12-16,HHS Region 8,ili perc,3,2018-01-06,quantile,0.05,0.03834178083850251
2017-12-16,HHS Region 8,ili perc,3,2018-01-06,quantile,0.1,0.45698644304371155
2017-12-16,HHS Region 8,ili perc,3,2018-01-06,quantile,0.15,0.8926845454800328
2017-12-16,HHS Region 8,ili perc,3,2018-01-06,quantile,0.2,1.210340723138558
2017-12-16,HHS Region 8,ili perc,3,2018-01-06,quantile,0.25,1.44235043863956
2017-12-16,HHS Region 8,ili perc,3,2018-01-06,quantile,0.3,1.590441925389561
2017-12-16,HHS Region 8,ili perc,3,2018-01-06,quantile,0.35,1.8134164796397785
2017-12-16,HHS Region 8,ili perc,3,2018-01-06,quantile,0.4,2.055428821531625
2017-12-16,HHS Region 8,ili perc,3,2018-01-06,quantile,0.45,2.179219297491347
2017-12-16,HHS Region 8,ili perc,3,2018-01-06,quantile,0.5,2.3201049916687513
2017-12-16,HHS Region 8,ili perc,3,2018-01-06,quantile,0.55,2.45763250059343
2017-12-16,HHS Region 8,ili perc,3,2018-01-06,quantile,0.6,2.6022982813594746
2017-12-16,HHS Region 8,ili perc,3,2018-01-06,quantile,0.65,2.7999969267654343
2017-12-16,HHS Region 8,ili perc,3,2018-01-06,quantile,0.7,2.936798887030518
2017-12-16,HHS Region 8,ili perc,3,2018-01-06,quantile,0.75,3.0801028404131183
2017-12-16,HHS Region 8,ili perc,3,2018-01-06,quantile,0.8,3.207082117308322
2017-12-16,HHS Region 8,ili perc,3,2018-01-06,quantile,0.85,3.376488422101748
2017-12-16,HHS Region 8,ili perc,3,2018-01-06,quantile,0.9,3.713954258597817
2017-12-16,HHS Region 8,ili perc,3,2018-01-06,quantile,0.95,4.15623868134512
2017-12-16,HHS Region 8,ili perc,3,2018-01-06,quantile,0.975,4.632947465963362
2017-12-16,HHS Region 8,ili perc,3,2018-01-06,quantile,0.99,4.816817132352434
2017-12-16,HHS Region 8,ili perc,4,2018-01-13,quantile,0.01,0
2017-12-16,HHS Region 8,ili perc,4,2018-01-13,quantile,0.025,0.09156913453383334
2017-12-16,HHS Region 8,ili perc,4,2018-01-13,quantile,0.05,0.251553452030461
2017-12-16,HHS Region 8,ili perc,4,2018-01-13,quantile,0.1,0.5000763831413808
2017-12-16,HHS Region 8,ili perc,4,2018-01-13,quantile,0.15,0.7056774079426825
2017-12-16,HHS Region 8,ili perc,4,2018-01-13,quantile,0.2,0.90427356433469
2017-12-16,HHS Region 8,ili perc,4,2018-01-13,quantile,0.25,1.1473500836592088
2017-12-16,HHS Region 8,ili perc,4,2018-01-13,quantile,0.3,1.4487561335066659
2017-12-16,HHS Region 8,ili perc,4,2018-01-13,quantile,0.35,1.6834558177502292
2017-12-16,HHS Region 8,ili perc,4,2018-01-13,quantile,0.4,1.7646753530268007
2017-12-16,HHS Region 8,ili perc,4,2018-01-13,quantile,0.45,1.9371216407682654
2017-12-16,HHS Region 8,ili perc,4,2018-01-13,quantile,0.5,2.0664733939830944
2017-12-16,HHS Region 8,ili perc,4,2018-01-13,quantile,0.55,2.11214393150865
2017-12-16,HHS Region 8,ili perc,4,2018-01-13,quantile,0.6,2.2483883927950226
2017-12-16,HHS Region 8,ili perc,4,2018-01-13,quantile,0.65,2.438875638194196
2017-12-16,HHS Region 8,ili perc,4,2018-01-13,quantile,0.7,2.5996893650691884
2017-12-16,HHS Region 8,ili perc,4,2018-01-13,quantile,0.75,2.864540810897005
2017-12-16,HHS Region 8,ili perc,4,2018-01-13,quantile,0.8,3.075180636322928
2017-12-16,HHS Region 8,ili perc,4,2018-01-13,quantile,0.85,3.35729906672969
2017-12-16,HHS Region 8,ili perc,4,2018-01-13,quantile,0.9,3.4974245030754547
2017-12-16,HHS Region 8,ili perc,4,2018-01-13,quantile,0.95,4.095247979479041
2017-12-16,HHS Region 8,ili perc,4,2018-01-13,quantile,0.975,4.500055786502234
2017-12-16,HHS Region 8,ili perc,4,2018-01-13,quantile,0.99,4.626052396689599
2017-12-16,HHS Region 9,ili perc,1,2017-12-23,quantile,0.01,0.28614453498208114
2017-12-16,HHS Region 9,ili perc,1,2017-12-23,quantile,0.025,0.4110631522783168
2017-12-16,HHS Region 9,ili perc,1,2017-12-23,quantile,0.05,0.6448361844027508
2017-12-16,HHS Region 9,ili perc,1,2017-12-23,quantile,0.1,1.1920705780009895
2017-12-16,HHS Region 9,ili perc,1,2017-12-23,quantile,0.15,1.3803916824374762
2017-12-16,HHS Region 9,ili perc,1,2017-12-23,quantile,0.2,1.7155407888900098
2017-12-16,HHS Region 9,ili perc,1,2017-12-23,quantile,0.25,1.9118832184342867
2017-12-16,HHS Region 9,ili perc,1,2017-12-23,quantile,0.3,2.1163700156573526
2017-12-16,HHS Region 9,ili perc,1,2017-12-23,quantile,0.35,2.4031881335121517
2017-12-16,HHS Region 9,ili perc,1,2017-12-23,quantile,0.4,2.53262399775928
2017-12-16,HHS Region 9,ili perc,1,2017-12-23,quantile,0.45,2.645995000601718
2017-12-16,HHS Region 9,ili perc,1,2017-12-23,quantile,0.5,2.7749505945339266
2017-12-16,HHS Region 9,ili perc,1,2017-12-23,quantile,0.55,2.9799810214417626
2017-12-16,HHS Region 9,ili perc,1,2017-12-23,quantile,0.6,3.061510355546927
2017-12-16,HHS Region 9,ili perc,1,2017-12-23,quantile,0.65,3.169033653233211
2017-12-16,HHS Region 9,ili perc,1,2017-12-23,quantile,0.7,3.3782421194784082
2017-12-16,HHS Region 9,ili perc,1,2017-12-23,quantile,0.75,3.6374609009903107
2017-12-16,HHS Region 9,ili perc,1,2017-12-23,quantile,0.8,3.834890844274079
2017-12-16,HHS Region 9,ili perc,1,2017-12-23,quantile,0.85,4.090149925816105
2017-12-16,HHS Region 9,ili perc,1,2017-12-23,quantile,0.9,4.604689252711282
2017-12-16,HHS Region 9,ili perc,1,2017-12-23,quantile,0.95,5.097598590418011
2017-12-16,HHS Region 9,ili perc,1,2017-12-23,quantile,0.975,5.444518367199327
2017-12-16,HHS Region 9,ili perc,1,2017-12-23,quantile,0.99,5.859637466523859
2017-12-16,HHS Region 9,ili perc,2,2017-12-30,quantile,0.01,0.831457703356076
2017-12-16,HHS Region 9,ili perc,2,2017-12-30,quantile,0.025,1.009890864287315
2017-12-16,HHS Region 9,ili perc,2,2017-12-30,quantile,0.05,1.2163397469513866
2017-12-16,HHS Region 9,ili perc,2,2017-12-30,quantile,0.1,1.39912321614241
2017-12-16,HHS Region 9,ili perc,2,2017-12-30,quantile,0.15,1.7970593704230362
2017-12-16,HHS Region 9,ili perc,2,2017-12-30,quantile,0.2,2.0120667288030254
2017-12-16,HHS Region 9,ili perc,2,2017-12-30,quantile,0.25,2.1281296334039395
2017-12-16,HHS Region 9,ili perc,2,2017-12-30,quantile,0.3,2.3120774284292405
2017-12-16,HHS Region 9,ili perc,2,2017-12-30,quantile,0.35,2.619345684183192
2017-12-16,HHS Region 9,ili perc,2,2017-12-30,quantile,0.4,2.690121672777156
2017-12-16,HHS Region 9,ili perc,2,2017-12-30,quantile,0.45,2.8178703886869654
2017-12-16,HHS Region 9,ili perc,2,2017-12-30,quantile,0.5,3.1569988922310497
2017-12-16,HHS Region 9,ili perc,2,2017-12-30,quantile,0.55,3.361360478743671
2017-12-16,HHS Region 9,ili perc,2,2017-12-30,quantile,0.6,3.5162741810283036
2017-12-16,HHS Region 9,ili perc,2,2017-12-30,quantile,0.65,3.7216359870716023
2017-12-16,HHS Region 9,ili perc,2,2017-12-30,quantile,0.7,3.7987962072699584
2017-12-16,HHS Region 9,ili perc,2,2017-12-30,quantile,0.75,4.05005243510757
2017-12-16,HHS Region 9,ili perc,2,2017-12-30,quantile,0.8,4.34030619227043
2017-12-16,HHS Region 9,ili perc,2,2017-12-30,quantile,0.85,4.544712369793551
2017-12-16,HHS Region 9,ili perc,2,2017-12-30,quantile,0.9,4.815312011966132
2017-12-16,HHS Region 9,ili perc,2,2017-12-30,quantile,0.95,5.64448389634697
2017-12-16,HHS Region 9,ili perc,2,2017-12-30,quantile,0.975,6.112789002044574
2017-12-16,HHS Region 9,ili perc,2,2017-12-30,quantile,0.99,6.707639663100197
2017-12-16,HHS Region 9,ili perc,3,2018-01-06,quantile,0.01,0.34248761005755823
2017-12-16,HHS Region 9,ili perc,3,2018-01-06,quantile,0.025,0.6681238678339063
2017-12-16,HHS Region 9,ili perc,3,2018-01-06,quantile,0.05,1.2794848056421366
2017-12-16,HHS Region 9,ili perc,3,2018-01-06,quantile,0.1,1.3860537805942146
2017-12-16,HHS Region 9,ili perc,3,2018-01-06,quantile,0.15,1.8644324898892948
2017-12-16,HHS Region 9,ili perc,3,2018-01-06,quantile,0.2,2.079793945047104
2017-12-16,HHS Region 9,ili perc,3,2018-01-06,quantile,0.25,2.327014530015073
2017-12-16,HHS Region 9,ili perc,3,2018-01-06,quantile,0.3,2.584038810822138
2017-12-16,HHS Region 9,ili perc,3,2018-01-06,quantile,0.35,2.798905687066354
2017-12-16,HHS Region 9,ili perc,3,2018-01-06,quantile,0.4,2.875745519022183
2017-12-16,HHS Region 9,ili perc,3,2018-01-06,quantile,0.45,2.9301922970696035
2017-12-16,HHS Region 9,ili perc,3,2018-01-06,quantile,0.5,3.1064548425902565
2017-12-16,HHS Region 9,ili perc,3,2018-01-06,quantile,0.55,3.3057355827552124
2017-12-16,HHS Region 9,ili perc,3,2018-01-06,quantile,0.6,3.3886123202104494
2017-12-16,HHS Region 9,ili perc,3,2018-01-06,quantile,0.65,3.5166479203828476
2017-12-16,HHS Region 9,ili perc,3,2018-01-06,quantile,0.7,3.6828789030893807
2017-12-16,HHS Region 9,ili perc,3,2018-01-06,quantile,0.75,3.798907085117186
2017-12-16,HHS Region 9,ili perc,3,2018-01-06,quantile,0.8,4.023273608025767
2017-12-16,HHS Region 9,ili perc,3,2018-01-06,quantile,0.85,4.203562671957405
2017-12-16,HHS Region 9,ili perc,3,2018-01-06,quantile,0.9,4.490276812828145
2017-12-16,HHS Region 9,ili perc,3,2018-01-06,quantile,0.95,4.855834546075779
2017-12-16,HHS Region 9,ili perc,3,2018-01-06,quantile,0.975,5.158350454533238
2017-12-16,HHS Region 9,ili perc,3,2018-01-06,quantile,0.99,5.316615661880654
2017-12-16,HHS Region 9,ili perc,4,2018-01-13,quantile,0.01,0
2017-12-16,HHS Region 9,ili perc,4,2018-01-13,quantile,0.025,0.746261355798278
2017-12-16,HHS Region 9,ili perc,4,2018-01-13,quantile,0.05,1.1192842197332478
2017-12-16,HHS Region 9,ili perc,4,2018-01-13,quantile,0.1,1.4768509265391345
2017-12-16,HHS Region 9,ili perc,4,2018-01-13,quantile,0.15,1.624174461280618
2017-12-16,HHS Region 9,ili perc,4,2018-01-13,quantile,0.2,1.938165171255797
2017-12-16,HHS Region 9,ili perc,4,2018-01-13,quantile,0.25,2.1196002555930793
2017-12-16,HHS Region 9,ili perc,4,2018-01-13,quantile,0.3,2.35747189446676
2017-12-16,HHS Region 9,ili perc,4,2018-01-13,quantile,0.35,2.41442511485129
2017-12-16,HHS Region 9,ili perc,4,2018-01-13,quantile,0.4,2.688901317635861
2017-12-16,HHS Region 9,ili perc,4,2018-01-13,quantile,0.45,2.789260967896303
2017-12-16,HHS Region 9,ili perc,4,2018-01-13,quantile,0.5,2.910951134176277
2017-12-16,HHS Region 9,ili perc,4,2018-01-13,quantile,0.55,2.953696401985373
2017-12-16,HHS Region 9,ili perc,4,2018-01-13,quantile,0.6,3.094916157618056
2017-12-16,HHS Region 9,ili perc,4,2018-01-13,quantile,0.65,3.326617434710312
2017-12-16,HHS Region 9,ili perc,4,2018-01-13,quantile,0.7,3.387755046309535
2017-12-16,HHS Region 9,ili perc,4,2018-01-13,quantile,0.75,3.5619946273385605
2017-12-16,HHS Region 9,ili perc,4,2018-01-13,quantile,0.8,3.784788124098367
2017-12-16,HHS Region 9,ili perc,4,2018-01-13,quantile,0.85,4.02070146135892
2017-12-16,HHS Region 9,ili perc,4,2018-01-13,quantile,0.9,4.432245811796983
2017-12-16,HHS Region 9,ili perc,4,2018-01-13,quantile,0.95,5.143639640885409
2017-12-16,HHS Region 9,ili perc,4,2018-01-13,quantile,0.975,5.847436634733965
2017-12-16,HHS Region 9,ili perc,4,2018-01-13,quantile,0.99,5.916402430984631
2017-12-16,US National,ili perc,1,2017-12-23,quantile,0.01,0.021328372361521818
2017-12-16,US National,ili perc,1,2017-12-23,quantile,0.025,0.0973478532655794
2017-12-16,US National,ili perc,1,2017-12-23,quantile,0.05,0.46333179821600334
2017-12-16,US National,ili perc,1,2017-12-23,quantile,0.1,0.8991655187292614
2017-12-16,US National,ili perc,1,2017-12-23,quantile,0.15,1.2190173796240633
2017-12-16,US National,ili perc,1,2017-12-23,quantile,0.2,1.4282883006029465
2017-12-16,US National,ili perc,1,2017-12-23,quantile,0.25,1.5776614635936426
2017-12-16,US National,ili perc,1,2017-12-23,quantile,0.3,1.8229112376149734
2017-12-16,US National,ili perc,1,2017-12-23,quantile,0.35,2.1084915309268095
2017-12-16,US National,ili perc,1,2017-12-23,quantile,0.4,2.241566129328519
2017-12-16,US National,ili perc,1,2017-12-23,quantile,0.45,2.438586153408436
2017-12-16,US National,ili perc,1,2017-12-23,quantile,0.5,2.5542856552227455
2017-12-16,US National,ili perc,1,2017-12-23,quantile,0.55,2.6829027383586035
2017-12-16,US National,ili perc,1,2017-12-23,quantile,0.6,2.815526715255438
2017-12-16,US National,ili perc,1,2017-12-23,quantile,0.65,3.063326792487902
2017-12-16,US National,ili perc,1,2017-12-23,quantile,0.7,3.2746567105864433
2017-12-16,US National,ili perc,1,2017-12-23,quantile,0.75,3.3757248943584983
2017-12-16,US National,ili perc,1,2017-12-23,quantile,0.8,3.6843391932091354
2017-12-16,US National,ili perc,1,2017-12-23,quantile,0.85,3.943296248838589
2017-12-16,US National,ili perc,1,2017-12-23,quantile,0.9,4.357570140099561
2017-12-16,US National,ili perc,1,2017-12-23,quantile,0.95,4.711809898785711
2017-12-16,US National,ili perc,1,2017-12-23,quantile,0.975,4.943273148333896
2017-12-16,US National,ili perc,1,2017-12-23,quantile,0.99,5.488091803436356
2017-12-16,US National,ili perc,2,2017-12-30,quantile,0.01,0.7574786061122187
2017-12-16,US National,ili perc,2,2017-12-30,quantile,0.025,0.9735753764505783
2017-12-16,US National,ili perc,2,2017-12-30,quantile,0.05,1.5354346799710414
2017-12-16,US National,ili perc,2,2017-12-30,quantile,0.1,1.825355585678861
2017-12-16,US National,ili perc,2,2017-12-30,quantile,0.15,2.150255464437654
2017-12-16,US National,ili perc,2,2017-12-30,quantile,0.2,2.3782243987855196
2017-12-16,US National,ili perc,2,2017-12-30,quantile,0.25,2.6328336550957454
2017-12-16,US National,ili perc,2,2017-12-30,quantile,0.3,2.9393895832097012
2017-12-16,US National,ili perc,2,2017-12-30,quantile,0.35,3.0627334446935706
2017-12-16,US National,ili perc,2,2017-12-30,quantile,0.4,3.240306634213068
2017-12-16,US National,ili perc,2,2017-12-30,quantile,0.45,3.3131624006001035
2017-12-16,US National,ili perc,2,2017-12-30,quantile,0.5,3.4011222528017093
2017-12-16,US National,ili perc,2,2017-12-30,quantile,0.55,3.4830424319588325
2017-12-16,US National,ili perc,2,2017-12-30,quantile,0.6,3.9092160663112874
2017-12-16,US National,ili perc,2,2017-12-30,quantile,0.65,4.04317824129233
2017-12-16,US National,ili perc,2,2017-12-30,quantile,0.7,4.241223017190294
2017-12-16,US National,ili perc,2,2017-12-30,quantile,0.75,4.575072522299813
2017-12-16,US National,ili perc,2,2017-12-30,quantile,0.8,4.812039944423986
2017-12-16,US National,ili perc,2,2017-12-30,quantile,0.85,5.237594728864111
2017-12-16,US National,ili perc,2,2017-12-30,quantile,0.9,5.601832748807373
2017-12-16,US National,ili perc,2,2017-12-30,quantile,0.95,5.997266965582335
2017-12-16,US National,ili perc,2,2017-12-30,quantile,0.975,6.222524178693192
2017-12-16,US National,ili perc,2,2017-12-30,quantile,0.99,6.798131716226039
2017-12-16,US National,ili perc,3,2018-01-06,quantile,0.01,0.8518332750072682
2017-12-16,US National,ili perc,3,2018-01-06,quantile,0.025,0.9105084056406223
2017-12-16,US National,ili perc,3,2018-01-06,quantile,0.05,0.9904983589444407
2017-12-16,US National,ili perc,3,2018-01-06,quantile,0.1,1.830052830572891
2017-12-16,US National,ili perc,3,2018-01-06,quantile,0.15,1.9817319659156125
2017-12-16,US National,ili perc,3,2018-01-06,quantile,0.2,2.0871600088961464
2017-12-16,US National,ili perc,3,2018-01-06,quantile,0.25,2.2904107334362056
2017-12-16,US National,ili perc,3,2018-01-06,quantile,0.3,2.492580881902173
2017-12-16,US National,ili perc,3,2018-01-06,quantile,0.35,2.6199142050884494
2017-12-16,US National,ili perc,3,2018-01-06,quantile,0.4,2.7350388503287126
2017-12-16,US National,ili perc,3,2018-01-06,quantile,0.45,2.786956693692976
2017-12-16,US National,ili perc,3,2018-01-06,quantile,0.5,2.9442186844000795
2017-12-16,US National,ili perc,3,2018-01-06,quantile,0.55,3.316131194304967
2017-12-16,US National,ili perc,3,2018-01-06,quantile,0.6,3.469191704317386
2017-12-16,US National,ili perc,3,2018-01-06,quantile,0.65,3.638428399896573
2017-12-16,US National,ili perc,3,2018-01-06,quantile,0.7,3.7269437982944287
2017-12-16,US National,ili perc,3,2018-01-06,quantile,0.75,3.9365784835887254
2017-12-16,US National,ili perc,3,2018-01-06,quantile,0.8,4.180460964844854
2017-12-16,US National,ili perc,3,2018-01-06,quantile,0.85,4.512681141813506
2017-12-16,US National,ili perc,3,2018-01-06,quantile,0.9,4.737815034792199
2017-12-16,US National,ili perc,3,2018-01-06,quantile,0.95,5.301148752951754
2017-12-16,US National,ili perc,3,2018-01-06,quantile,0.975,5.7326627478419745
2017-12-16,US National,ili perc,3,2018-01-06,quantile,0.99,6.143512858302241
2017-12-16,US National,ili perc,4,2018-01-13,quantile,0.01,0.3109493801541372
2017-12-16,US National,ili perc,4,2018-01-13,quantile,0.025,0.4427869869059302
2017-12-16,US National,ili perc,4,2018-01-13,quantile,0.05,0.8461077860766218
2017-12-16,US National,ili perc,4,2018-01-13,quantile,0.1,1.443177355112965
2017-12-16,US National,ili perc,4,2018-01-13,quantile,0.15,1.6978412368258664
2017-12-16,US National,ili perc,4,2018-01-13,quantile,0.2,1.9315478476816952
2017-12-16,US National,ili perc,4,2018-01-13,quantile,0.25,2.081308493139278
2017-12-16,US National,ili perc,4,2018-01-13,quantile,0.3,2.1457010639595198
2017-12-16,US National,ili perc,4,2018-01-13,quantile,0.35,2.2410342556573877
2017-12-16,US National,ili perc,4,2018-01-13,quantile,0.4,2.457802247845913
2017-12-16,US National,ili perc,4,2018-01-13,quantile,0.45,2.680361545639293
2017-12-16,US National,ili perc,4,2018-01-13,quantile,0.5,3.0319208103757336
2017-12-16,US National,ili perc,4,2018-01-13,quantile,0.55,3.1997518523177924
2017-12-16,US National,ili perc,4,2018-01-13,quantile,0.6,3.37153846999744
2017-12-16,US National,ili perc,4,2018-01-13,quantile,0.65,3.4412166472461028
2017-12-16,US National,ili perc,4,2018-01-13,quantile,0.7,3.739320012028758
2017-12-16,US National,ili perc,4,2018-01-13,quantile,0.75,3.990006381133675
2017-12-16,US National,ili perc,4,2018-01-13,quantile,0.8,4.3142165928849066
2017-12-16,US National,ili perc,4,2018-01-13,quantile,0.85,4.707754961312943
2017-12-16,US National,ili perc,4,2018-01-13,quantile,0.9,5.103339279179586
2017-12-16,US National,ili perc,4,2018-01-13,quantile,0.95,5.204287629823053
2017-12-16,US National,ili perc,4,2018-01-13,quantile,0.975,5.439801399379716
2017-12-16,US National,ili perc,4,2018-01-13,quantile,0.99,5.677326930416999
